web_scraper_order,web_scraper_start_url,rooms_area_price_raw_1,rooms_area_price_raw_2,rooms_area_price_raw_3,rooms_area_price_raw_4,rooms_area_price_raw_5,price_raw_1,price_raw_2,price_raw_3,price_raw_4,price_raw_5,address_raw_1,address_raw_2,address_raw_3,address_raw_4,address_raw_5,description_raw_1,description_raw_2,description_raw_3,description_raw_4,description_raw_5,text_raw_1,text_raw_2,text_raw_3,text_raw_4,text_raw_5
"1789666057-1","https://www.immoscout24.ch/de/wohnung/mieten/ort-winterthur?pn=5","3.5 Zimmer","92m²","CHF 2'545.–","","","CHF 2'545.–","","","","","Else - Züblin - str. 79, 8404 Winterthur","","","","","ROY -  erlebe das neue Winterthur!","","","","","ROY erlebe das neue WinterthurSind Sie auf der Suche nach einem neuen, modernen zu Hause? Bei uns finden Sie garantiert die perfekte Wohnung, welche Ihren Vorstellungen entspricht.Lassen Sie sich vom hochwertigen Ausbaustandard überzeugen und vereinbaren Sie noch heute einen individuellen Besichtigungstermin.Alle Informationen finden Sie auf unserer Objekthomepage https://www.roy-winterthur.chWir freuen uns auf Ihre Kontaktaufnahme.Die Bilder zeigen den Standard der Liegenschaft und entsprechen nicht immer der angebotenen Wohnung.","","","",""
"1789666057-2","https://www.immoscout24.ch/de/wohnung/mieten/ort-winterthur?pn=5","3.5 Zimmer","71m²","CHF 1'836.–","","","CHF 1'836.–","","","","","Pfaffenwiesenstr. 54, 8404 Winterthur","","","","","Ihr neues Zuhause!? ""Mieten ohne Kaution""","","","","","Im Herzen des Wallrüti Quartiers in Oberwinterthur vermieten wir diese 3.5 Zimmerwohnung:- Wohn-/Essbereich mit Parkettböden- Moderne Küche mit Geschirrspüler und Glaskeramik- Helles Badezimmer mit Badewanne- Wandschrank im Korridor für mehr Platz- Sonniger Balkon- Kellerabteil - Ruhige, sehr grüne Umgebung- Kinderfreundliche Lage mit Spielplatz - Nähe Schulen und Einkaufsmöglichkeiten - Nähe S-Bahn-Anschluss (Bahnhof 'Wallrüti')Die Bilder entsprechen dem Standard.Eine Besichtigung lohnt sich. Wir freuen uns auf Sie!","","","",""
"1789666057-3","https://www.immoscout24.ch/de/wohnung/mieten/ort-winterthur?pn=5","4 Zimmer","73m²","CHF 1'865.–","","","CHF 1'865.–","","","","","Holzlegistr. 6, 8408 Winterthur","","","","","Ruhige Lage in Wülflingen - Mieten ohne Kaution","","","","","4.0 Zimmer Wohnung am Standort: Holzlegistr. 6, 8408 Winterthur zu vermieten.- Küche mit Geschirrspüler, Backofen und Glaskeramik- Schönes Bad- Wohnbereich Parkett- Sonniger Balkon mit schöner Aussicht- Eigenes Kellerabteil - Gute Verkehrsverbindungen- Nähe LindenplatzKein Lift vorhandenHaustiere erlaubtSie haben das Objekt bereits besichtigt und möchten sich darauf bewerben? Hier gelangen Sie zur Onlinebewerbung:https://www.mywincasa.ch/candidate/entry/07978.01.001","","","",""
"1789666057-4","https://www.immoscout24.ch/de/wohnung/mieten/ort-winterthur?pn=5","4.5 Zimmer","90m²","CHF 2'040.–","","","CHF 2'040.–","","","","","Auf Pünten 31, 8405 Winterthur","","","","","Ruhige Wohnlage in der Stadt - MIETEN OHNE KAUTION","","","","","In dieser Grünen und ruhigen Wohnumgebung, bieten wir Ihnen diese 4.5 Zimmer Wohnung in Winterthur an:- Offene Küche mit Glaskeramik- Bad/WC, sep. WC- Wohnbereich mit Parkettboden- Zimmer mit Marmoleum- Einbauschränke- Balkon- Kellerabteil- Spielplatz- Haustierhaltung auf Anfrage- 1. OG, kein LiftSchulen und Einkaufsmöglichkeiten in der Nähe.Für 130.- können Sie einen Parkplatz dazumieten.","","","",""
"1789666057-5","https://www.immoscout24.ch/de/wohnung/mieten/ort-winterthur?pn=5","1 Zimmer","30m²","CHF 1'370.–","","","CHF 1'370.–","","","","","Gutstr. 11, 8400 Winterthur","","","","","Single-Wohnung an ruhiger Lage zu vermieten!","","","","","Wir vermieten eine Single-Wohnung. Die Wohnung befindet sich an zentraler Lage in Winterthur und punktet mit hellen und attraktiven Räumlichkeiten. Die Wohnung verfügt zudem über:- Küche mit Glaskeramikherd- Parkett im Wohn-/ Schlafzimmer- Plattenboden in Küche und Bad- Genügend Stauraum dank Einbauschrank und eigenem Kellerabteil Das Objekt ist in der Nähe von diversen Einkaufsmöglichkeiten, öffentlichen Verkehrsmitteln wie auch naturnah gelegen.(Die Fotos entsprechen dem Standard, Abweichungen sind möglich.)","","","",""
"1789666057-6","https://www.immoscout24.ch/de/wohnung/mieten/ort-winterthur?pn=5","3.5 Zimmer","71m²","CHF 1'795.–","","","CHF 1'795.–","","","","","Ursulaweg 33, 8404 Winterthur","","","","","Wohnen am Stadtrand von Winti ""Mieten ohne Kaution""","","","","","An ruhiger und dennoch zentraler Lage in Oberwinterthur vermieten wir diese 3.5 Zimmerwohnung: - Parkett im Wohnbereich- Küche mit Geschirrspüler und Glaskeramikherd- Helles Badezimmer mit Badewanne- Geräumige Wandschränke- Reduit- Balkon- Keller- Ruhige, sehr grüne Umgebung- Kinderfreundliche Lage mit Spielplatz - Nähe Schulen und Einkaufsmöglichkeiten - Nähe S-Bahn-Anschluss (Bahnhof 'Wallrüti')Die Bilder entsprechen dem Standard.Eine Besichtigung lohnt sich. Wir freuen uns auf Sie!","","","",""
"1789666057-7","https://www.immoscout24.ch/de/wohnung/mieten/ort-winterthur?pn=5","3.5 Zimmer","110m²","CHF 3'140.–","","","CHF 3'140.–","","","","","Römerstr. 14, 8400 Winterthur","","","","","Ihre Traumwohnung - Mieten ohne Kaution","","","","","Wohnen im Grünen und trotzdem innert Kürze in der Stadt... Folgendes bietet die Wohnung ebenfalls:- Hervorragende Wohnqualität mit allem Komfort- Raumhohe Fenster- Ganze Wohnung Parkett exkl. Nasszellen- Nasszellen Plattenboden / Badewanne und Dusche - Reduit mit Waschturm- Lift vorhanden- Einkaufsmöglichkeiten in unmittelbarer Nähe- Einstellplatz für CHF 160.00 / Monat anmietbarDie Bilder zeigen den Standard der Liegenschaft und entsprechen nicht immer der angebotenen Wohnung.Wir freuen uns auf Ihre Wohnungsbewerbung","","","",""
"1789666057-8","https://www.immoscout24.ch/de/wohnung/mieten/ort-winterthur?pn=5","2 Zimmer","50m²","CHF 1'390.–","","","CHF 1'390.–","","","","","Büelrainstrasse 1, 8400 Winterthur","","","","","","","","","","","","","",""
"1789666057-9","https://www.immoscout24.ch/de/wohnung/mieten/ort-winterthur?pn=5","4.5 Zimmer","106m²","CHF 3'395.–","","","CHF 3'395.–","","","","","Magazingasse 4, 8400 Winterthur","","","","","Stadtnahes Wohnen","","","","","Die LageIhr neues Zuhause liegt im Veltheim-Quartier in der neuen Überbauung Zur Weinlese. Hier treffen Sie auf Grossstadt-Flair, welches sich mit dörflicher Gelassenheit vereint hat. Sie profitieren von einer herausragenden Infrastruktur mit einem breiten Angebot und müssen dennoch nicht auf Ruhe und Rückzugsmöglichkeiten verzichten. Winterthur bietet vielfältige Einkaufsmöglichkeiten, Cafés und Restaurants sowie ein breites Sport- und Kulturangebot. Die hübsche Altstadt ist in wenigen Minuten erreichbar und überzeugt mit einer ausgedehnten Fussgängerzone. In Ihrer Freizeit können Sie im Zürcher Weinland mit seinen Seen und Weinbergen beim Spazieren und Radfahren Ihre Seele baumeln lassen und sich entspannen.Ein Rundgang durch die WohnungDank des durchdachten Grundrisses, können Sie sich auf den insgesamt ca. 106.00 m2 Wohnfläche individuell einrichten und persönliche Rückzugsmöglichkeiten schaffen. Die Anhydrit- und die Parkett-Bodenbeläge sorgen für eine luftige Atmosphäre. Weitere Highlights sind die moderne Küche und das grosszügige Wohn-/Esszimmer. Auf dem Balkon können Sie Ihren Feierabend geniessen und sich vom Alltagsstress erholen. Weitere Merkmale dieser Wohnung sind:- moderne Küche- grosszügiges Wohn-/Esszimmer- Zimmer- Balkon- Dusche/WC- Grosszügiges Entree mit Garderobe/Wandschrank- Waschmaschine/Tumbler in der Wohnung- Lift Anrufen. Besichtigen. Mieten.Haben Sie Lust, in einem Trendquartier zu wohnen? Dann freuen wir uns auf Ihre Kontaktaufnahme! Klicken Sie auf folgenden Link:https://flatfox.ch/de/viewing/108538/?code=AlWPdoNXhZrIBjj37EJ69b05ZlziUP_DBSupPk_Hg4kAls Mieter von Helvetia profitieren Sie von 40 % Rabatt auf Ihre erste Jahresprämie für ausgewählte Helvetia Versicherungsprodukte! Bei den publizierten Bildern handelt es sich um typenähnliche/typengleiche Wohnungen. Abweichungen zum effektiven Angebot sind deshalb möglich.Weitere interessante Mietobjekte finden Sie unter: www.helvetia.ch/miete","","","",""
"1789666057-10","https://www.immoscout24.ch/de/wohnung/mieten/ort-winterthur?pn=5","3 Zimmer","57m²","CHF 1'735.–","","","CHF 1'735.–","","","","","Rebenweg 14, 8408 Winterthur","","","","","Frisch sanierte Wohnung, ruhig und doch zentral gelegen","","","","","Wohnen am Stadtrand, an zentraler und doch ruhiger Lage, zwei Busstationen nach dem Lindenplatz, dem Dorfzentrum von Wülflingen mit guten Einkaufsmöglichkeiten. Mit dem Bus erreichen Sie das Stadtzentrum in knapp 10 Minuten. Autobahnanschluss in der Nähe. Die Wohnung wurde im Jahr 2023 total renoviert und befindet sich in einer gepflegten Liegenschaft und bietet Ihnen folgende Ausstattung: Küche mit GlaskeramikkochfeldGeschirrspülerGrosser Kühlschrank mit separatem TiefkühlerArbeitsfläche aus GranitWohnzimmer mit BalkonzugangBadezimmer mit TageslichtZwei helle SchlafzimmerSämtliche Wohnräume mit EichenparkettKüche/Nasszelle/Korridor mit keramischen BodenplattenEstrich- und Kellerabteil vorhandenHaben wir Ihr Interesse geweckt, dann freuen wir uns auf Ihre Kontaktaufnahme.","","","",""
"1789666057-11","https://www.immoscout24.ch/de/wohnung/mieten/ort-winterthur?pn=5","3.5 Zimmer","116m²","CHF 2'690.–","","","CHF 2'690.–","","","","","Hobelwerkweg 13, 8404 Winterthur","","","","","Ihr Wohlfühl-Zuhause mit Charme, Licht und perfekter Lage","","","","","Die LageUrban und gleichzeitig kinderfreundlich präsentiert sich der Stadtteil Oberwinterthur. Im alten Dorfkern und rund um den Bahnhof bietet das grösste Quartier der Stadt ideale Geschäfts- und Einkaufsmöglichkeiten. Schulen und Kindergärten liegen in unmittelbarer Nähe der Wohnüberbauung.Naherholungsgebiete mit Seen und Wäldern zum Wandern, Joggen und Velofahren liegen nur wenige Gehminuten entfernt.Im Takt ist in mehrfacher Hinsicht optimal gelegen. Die Winterthurer Stadtbusse und direkte S-Bahn-Züge nach Zürich halten praktisch vor der Haustüre. Der Flughafen Zürich ist ebenso schnell erreichbar wie die malerische Landschaft des Zürcher Oberlands und der Ostschweiz.Ein Rundgang durch die WohnungDer durchdachte Grundriss lässt Ihnen Freiheiten sich auf 116m2 individuell einzurichten. Der wunderschöne dunkle Akazienholzparkettboden in allen Wohnräumen sorgt für eine behaglich &amp; warme Wohnatmosphäre. Ein Highlight sind die Raumhohen Fenster die für viel Licht sorgen. Weiter bietet Ihnen diese Wohnung folgende Vorzüge:- Offene und moderne Küche- Badezimmer mit Badewanne und WC- Separates WC mit Dusche- Raumhohe Fenster für viel Tageslicht- Helle, lichtdurchflutete Zimmer mit direktem Zugang zur Terrasse- Wohnbereich mit direktem Zugang zur Terrasse- Eigenes Kellerabteil für zusätzlichen Stauraum- Lift mit direktem Zugang zur TiefgarageDetailsIn der Überbauung befindet sich ein origineller Spielplatz.Anschreiben. Besichtigen. Mieten.Möchten Sie Ihrer Familie mehr Raum gönnen und in einem Trendquartier leben?Wir freuen uns auf Ihre Bewerbung!Als Mieter profitieren Sie von 40% Rabatt auf Ihre erste Jahresprämie für ausgewählte Helvetia Versicherungsprodukte!Bei den publizierten Bildern handelt es sich um typenähnliche / typengleiche Wohnungen. Abweichungen zum effektiven Angebot sind deshalb möglich.Weitere interessante Mietobjekte finden Sie unter:www.helvetia.ch/immobilien","","","",""
"1789666057-12","https://www.immoscout24.ch/de/wohnung/mieten/ort-winterthur?pn=5","4.5 Zimmer","122m²","CHF 2'985.–","","","CHF 2'985.–","","","","","Hobelwerkweg 13, 8404 Winterthur","","","","","Suchen Sie mehr Platz für Ihre Familie?","","","","","Die LageAm Hobelwerkweg 13-33 im Stadtteil Oberwinterthur, in unmittelbarer Nachbarschaft zum Bahnhof bieten wir Im Takt grosszügige Gestaltungs- und Wohnräume für unterschiedlichste Ansprüche an.Im Takt ist in mehrfacher Hinsicht optimal gelegen. Die Winterthurer Stadtbusse und direkte S-Bahn-Züge nach Zürich halten praktisch vor der Haustüre. Der Flughafen Zürich ist ebenso schnell erreichbar wie die malerische Landschaft des Zürcher Oberlands und der Ostschweiz.Naherholungsgebiete mit Seen und Wäldern zum Wandern, Joggen und Velofahren liegen nur wenige Gehminuten entfernt.Urban und gleichzeitig kinderfreundlich präsentiert sich der Stadtteil Oberwinterthur. Im alten Dorfkern und rund um den Bahnhof bietet das grösste Quartier der Stadt ideale Geschäfts- und Einkaufsmöglichkeiten. Schulen und Kindergärten liegen in unmittelbarer Nähe der WohnüberbauungEin Rundgang durch die WohnungDer grosszügige Grundriss erstreckt sich über 146 m2 und bietet viel Raum, individuelle Wohnideen zu verwirklichen. Die drei weitläufigen Schlafzimmer befinden sich in einem eigenen Bereich der Wohnung und ermöglichen ruhige Rückzugsorte für alle.Besonders beeindruckend ist der helle Wohn- und Essbereich mit direktem Zugang zum Sitzplatz - ein idealer Ort zum Entspannen und Geniessen. Dank raumhoher Fenster gelangt viel Tageslicht in die Wohnung.Der edle, dunkle Akazienholzparkett verleiht allen Wohn- und Schlafräumen eine warme und elegante Atmosphäre.Die Highlights im Überblick:- Grosszügiger Wohn- und Essbereich mit direktem Zugang zum Balkon- Moderne, halboffene Küche- Badezimmer mit Badewanne und Plattenboden- Zusätzlich separates Dusche/WC- Hochwertige Parkettböden- Lift bis in die TiefgarageDetailsEin Einstellplatz in der Tiefgarage kann auf Wunsch dazu gemietet werden. In der Überbauung befindet sich ein origineller Spielplatz.Anschreiben. Besichtigen. Mieten.Wann möchten Sie Ihre zukünftige Aussicht besichtigen? Wir freuen uns auf Ihre Kontaktaufnahme!https://flatfox.ch/de/viewing/101149/?code=lgXCBpTQ9JJ9yPqTiztkVnMZLdz6uKTUz9NWXK6CUjAAls Mieter von Helvetia profitieren Sie von 40% Rabatt auf Ihre erste Jahresprämie für ausgewählte Helvetia Versicherungsprodukte!Weitere interessante Mietobjekte finden Sie unter: www.helvetia.ch/mieteBei den publizierten Bildern handelt es sich um typenähnliche Wohnungen. Abweichungen zum effektiven Angebot sind deshalb möglich.","","","",""
"1789666057-13","https://www.immoscout24.ch/de/wohnung/mieten/ort-winterthur?pn=5","3.5 Zimmer","92m²","CHF 2'315.–","","","CHF 2'315.–","","","","","Pionierstr. 24, 8400 Winterthur","","","","","MIETEN OHNE KAUTION - Erleben Sie die Verbindung von Kultur und Natur","","","","","Die zeitgemässe Wohnung befindet sich in einer gepflegten Überbauung an urbaner Zentrumslage. Geniessen Sie Ihren Feierabend auf der grosszügigen Loggia, die bei jedem Wetter einlädt zu entspannen. Für Ihre Wohnqualität: - Parkettböden in Wohn- und Schlafzimmer- Offene Küche mit Geschirrspüler und Glaskeramikherd- Nasszelle mit Badewanne und WC- Separates WC- Eigener Waschturm- Eigenes Kellerabteil für mehr StauraumBei diesem Mietobjekt müssen Sie nicht wie üblich drei Monatsmieten als Kaution auf ein Sperrkonto einzahlen. So bleiben Sie liquid, da nicht eine grössere Geldsumme für die Dauer Ihres Mietverhältnisses blockiert ist. Und das Beste: Das Angebot ""Mieten ohne Kaution"" ist für Sie gratis. Erfahren Sie mehr auf https://regimo.ch/kaution oder auf dem Flyer in der Fotoserie des Inserates.Zusätzlich auf Wunsch: Einstellplatz Tiefgarage CHF 170.-/Monat. Interessiert? Dann lohnt sich eine Besichtigung.","","","",""
"1789666057-14","https://www.immoscout24.ch/de/wohnung/mieten/ort-winterthur?pn=5","1 Zimmer","30m²","CHF 1'230.–","","","CHF 1'230.–","","","","","Wülflingerstr. 24, 8400 Winterthur","","","","","MIETEN OHNE KAUTION - Die ideale Studentenwohnung an zentraler Lage","","","","","Sind sie auf der Suche nach der perfekten Studentenwohnung? Diese kleine, gepflegte Wohnung befindet sich direkt gegenüber der Berufs- und Fachschule Winterthur. Einkaufsmöglichkeiten und die Anschlüsse an den öffentlichen Verkehr finden Sie ebenfalls direkt vor der Haustür.Für Ihren Wohnkomfort:- Parkett im Wohn-/Schlafbereich- Zeitgemässe Küche mit Glaskeramikherd und Granitabdeckung- WC/Dusche- Sonniger Balkon- Kellerabteil für zusätzlichen StauraumBei diesem Mietobjekt müssen Sie nicht wie üblich drei Monatsmieten als Kaution auf ein Sperrkonto einzahlen. So bleiben Sie liquid, da nicht eine grössere Geldsumme für die Dauer Ihres Mietverhältnisses blockiert ist. Und das Beste: Das Angebot ""Mieten ohne Kaution"" ist für Sie gratis. Erfahren Sie mehr auf https://regimo.ch/kaution oder auf dem Flyer in der Fotoserie des Inserates.Interessiert? Dann lohnt sich eine Besichtigung.","","","",""
"1789666057-15","https://www.immoscout24.ch/de/wohnung/mieten/ort-winterthur?pn=5","3.5 Zimmer","60m²","CHF 1'890.–","","","CHF 1'890.–","","","","","Giesserstrasse 13, 8406 Winterthur","","","","","moderne 3.5-Zimmer-Wohnung an zentraler Lage","","","","","Besichtigung: Für einen Besichtigungstermin bitten wir Sie das Kontaktformular auszufüllen.Per 15. Dezember 2026 vermieten wir eine im 2024 total sanierte 3.5-Zimmer-Wohnung (Hochparterre) im beliebten Stadtquartier Tössfeld.Kindergarten, Schulhäuser, Einkaufsmöglichkeiten, Post und Bank sind in wenigen Minuten bequem erreichbar. Mit dem Velo, dem Bus oder dem Auto gelangt man in wenigen Minuten zum Hauptbahnhof und in die wunderschöne Altstadt von Winterthur.Haustiere sind nicht erlaubt.Details/Raumprogramm: • Wohn- und Zimmerbereich Anhydrit-Kunststeinboden • Entrée mit Einbauschrank • Dusche mit Glaswand • offene Küche • hochwertige Holz-Metallfenster mit dreifach Isolierverglasung • Balkon • eigener Kellerraum • Waschmaschine/Tumbler im Keller Ebenfalls kann ein Aussenparkplatz für 80 Franken monatlich dazu gemietet werden.Wir freuen uns über Ihre Kontaktaufnahme.","","","",""
"1789666057-16","https://www.immoscout24.ch/de/wohnung/mieten/ort-winterthur?pn=5","2 Zimmer","CHF 1'730.–","","","","CHF 1'730.–","","","","","Oberfeldstrasse 102, 8408 Winterthur","","","","","2.0 Zimmerwohnung in Winterthur","","","","","Helle 2-Zimmer-Wohnung mit Balkon in WinterthurAn der Oberfeldstrasse 102 in Winterthur vermieten wir per Vereinbarung diese helle und gut geschnittene 2-Zimmer-Wohnung im 2. Obergeschoss links. Die Liegenschaft befindet sich in einem angenehmen Wohnquartier; Einkaufsmöglichkeiten, öffentliche Verkehrsmittel und weitere Angebote des täglichen Bedarfs sind gut erreichbar.Die Wohnung überzeugt unter anderem mit folgenden Vorzügen: • Heller und grosszügiger Wohn-/Essbereich • Offene Küche mit Glaskeramikherd • Geschirrspüler • Praktischer Stauraum dank Einbauschrank • Parkettboden im Wohnbereich • Badezimmer mit Badewanne • Balkon mit Blick ins grüne Wohnquartier • Gute natürliche Belichtung durch mehrere Fenster • Bezug per Vereinbarung Haben wir Ihr Interesse geweckt? Dann nehmen Sie mit uns für einen Besichtigungstermin über das Kontaktformular Kontakt auf. Danach erhalten Sie eine automatische Antwort, in der Sie sich für einen Besichtigungstermin anmelden können. Bitte beachten Sie ebenfalls Ihren Spam-Ordner im E-Mail, falls die automatische Antwort gefiltert wird.","","","",""
"1789666057-17","https://www.immoscout24.ch/de/wohnung/mieten/ort-winterthur?pn=5","3 Zimmer","CHF 3'720.–","","","","CHF 3'720.–","","","","","Schaffhauserstrasse 31, 8400 Winterthur","","","","","Charmante frisch sanierte Wohnung im Herzen der Stadt Winterthur","","","","","Wir vermieten nach Vereinbarung diese attraktive, neue 3.0-Dachzimmerwohnung mit grosszügiger Terrasse sowie Reduit mit Fenster im 4. OG an bestens erschlossener Lage in Winterthur.Die Wohnung überzeugt durch eine moderne, klare Gestaltung sowie den Einsatz hochwertiger Materialien, die ein stilvolles und angenehmes Wohnambiente schaffen: • edler Boden in allen Wohnräumen • helle, weiss gehaltene Wände und Decken für ein offenes, freundliches Raumgefühl • grosszügige Fensterflächen mit hochwertigen Holz-Metallfenstern • durchdachte Grundrisse für optimalen Wohnkomfort • überdurschnittlicher Stauraum in jedem Zimmer Küche: • elegante Arbeitsflächen in moderner Steinoptik • schwarze, grifflose Fronten mit zeitlosem Design • Induktionskochfeld • integrierte Geräte mit klarer Linienführung Badezimmer: • grossformatige Platten in warmen Naturtönen • hochwertige Sanitärausstattung • modernes, zeitloses Erscheinungsbild Die Liegenschaft wurde umfassend saniert und bietet zusätzlichen Komfort durch: • neue Fassadendämmung für ein angenehmes Raumklima • erneuertes Dach mit langlebigen Tonziegeln • Photovoltaikanlage für nachhaltige Energiegewinnung • hochwertige Details wie Kupferelemente im Aussenbereich • Das Reduit verfügt über 31 Quadratmeter und Fenster Die Lage überzeugt durch eine ausgezeichnete Anbindung:Mit den Buslinien 2, 3 und 676 erreichen Sie den Hauptbahnhof Winterthur im 8-Minuten-Takt in rund 10 Minuten.Diese Wohnung bietet ein Zuhause zum Wohlfühlen. Die Kombination aus hochwertiger Sanierung, modernem Design und urbaner Lage macht dieses Angebot besonders attraktiv.Parkmöglichkeiten können bei Bedarf zusätzlich dazu gemietet werden.Bitte beachten Sie, dass es sich bei den Bildern um Referenzbilder handelt, die vom tatsächlichen Objekt abweichen können. Alle Angaben sind Circaangaben. Änderungen bleiben vorbehalten.Für einen Besichtigungstermin bitten wir Sie, das Kontaktformular auszufüllen.","","","",""
"1789666057-18","https://www.immoscout24.ch/de/wohnung/mieten/ort-winterthur?pn=5","1 Zimmer","25m²","CHF 1'545.–","","","CHF 1'545.–","","","","","Wülflingerstrasse 114, 8408 Winterthur","","","","","moderne, möblierte 1 Zimmer-Wohnung in Winterthur","","","","","Per 16. September 2026 oder nach Vereinbarung vermieten wir diese möblierte und spezielle 1-Zimmer-Wohnung. Das Raumkonzept der möblierten Wohnung ist modern, minimalisiert und durchdacht. Jeder cm³ der Wohnung wird genutzt. Sie ist farblich im skandinavischen Stil gehalten. In der Wohnung befindet sich ein Wohnzimmer, die Küchenzeile und die Nasszelle, sowie ein Bett (1.40 x 2.00 m).Die Nasszelle verfügt über eine Dusche. In der kompakten Küche gibts zudem einen Glaskeramikherd, eine Dunstabzugshaube und einen Geschirrspüler.Pro Wohnung gibts ein geräumiges Kellerabteil, sowie ein gedeckter Fahrradabstellplatz im Freien.Zur Mitbenützung befindet sich im UG die Wasch-Bar mit Tisch und Stühlen, einer Sitzecke, sowie den beiden Waschmaschinen und dem Tumbler. Die Wohnung kann per 16.09.2026 oder per sofort bezogen werden.Es ist eine Nichtrauer-Wohnung, in welcher Haustiere nicht erlaubt sind.Bei Interesse freuen wir uns auf Ihre Kontaktaufnahme.","","","",""
"1789666057-19","https://www.immoscout24.ch/de/wohnung/mieten/ort-winterthur?pn=5","2.5 Zimmer","70m²","CHF 2'190.–","","","CHF 2'190.–","","","","","Schlosshofstrasse 21, 8400 Winterthur","","","","","Werk 3 - rundum attrakiv leben im 5.OG","","","","","Herzlich Willkommen im Werk 3. Das gut erschlossene Sulzer-Areal liegt im Brühlberg-Quartier, nahe dem Einkaufszentrum ""Lokwerk"". Das Stadtzentrum ist zu Fuss und per Buss schnell erreichbar, und die Nähe zur Autobahneinfahrt ""Töss"" bringt motorisierten Bewohnerneine zeitsparende Verkehrsanbindung nach Zürich und zum Flughafen. Das Werk 3 bietet viel Raum für individuelles Wohnen. Mit anderen Worten: Hier finden Sie die nötige Ruhe, für die Erfüllung urbaner und doch ungestörter Wohnträume.Die Wohnung ist mit allem ausgestattet, was von einer zeitgemässen Einrichtung erwartet werden darf. - Hochwertiger Ausbaustandard- Moderne, halboffene Küche mit schwarzer Natursteinabdeckung- Energieeffiziente Electrolux-Einbaugeräte- Eichenparkett im Wohn- und Schlafzimmer- Badezimmer mit keramischen Platten, Badewanne, Lavabo, Spiegelschrank- Kontrollierte Wohnraumlüftung- Eigene Waschmaschine / Tumbler- Loggia- Keller Bitte beachten Sie, dass die Fotoaufnahmen typenähnlich sind und lediglich dem Standard entsprechen. Haben wir Ihr Interesse geweckt und Sie möchten sich diese schöne Wohnung anschauen? Dann zögern Sie nicht und setzen sich mit uns in Verbindung. Wir freuen uns auf Ihre Anfrage via dem Kontaktformular der Plattform.","","","",""
"1789666057-20","https://www.immoscout24.ch/de/wohnung/mieten/ort-winterthur?pn=5","2.5 Zimmer","67m²","CHF 2'090.–","","","CHF 2'090.–","","","","","Schlosshofstrasse 21, 8400 Winterthur","","","","","Werk 3 - rundum attrakiv leben im 2.OG","","","","","Herzlich Willkommen im Werk 3. Das gut erschlossene Sulzer-Areal liegt im Brühlberg-Quartier, nahe dem Einkaufszentrum ""Lokwerk"". Das Stadtzentrum ist zu Fuss und per Buss schnell erreichbar, und die Nähe zur Autobahneinfahrt ""Töss"" bringt motorisierten Bewohnerneine zeitsparende Verkehrsanbindung nach Zürich und zum Flughafen. Das Werk 3 bietet viel Raum für individuelles Wohnen. Mit anderen Worten: Hier finden Sie die nötige Ruhe, für die Erfüllung urbaner und doch ungestörter Wohnträume.Die Wohnung ist mit allem ausgestattet, was von einer zeitgemässen Einrichtung erwartet werden darf. - Hochwertiger Ausbaustandard- Moderne, halboffene Küche mit schwarzer Natursteinabdeckung- Energieeffiziente Electrolux-Einbaugeräte- Eichenparkett im Wohn- und Schlafzimmer- Badezimmer mit keramischen Platten, Badewanne, Lavabo, Spiegelschrank- Kontrollierte Wohnraumlüftung- Eigene Waschmaschine / Tumbler- Loggia- Keller Bitte beachten Sie, dass die Fotoaufnahmen typenähnlich sind und lediglich dem Standard entsprechen. Haben wir Ihr Interesse geweckt und Sie möchten sich diese schöne Wohnung anschauen? Dann zögern Sie nicht und setzen sich mit uns in Verbindung. Wir freuen uns auf Ihre Anfrage via dem Kontaktformular der Plattform.","","","",""
"1789666061-21","https://www.immoscout24.ch/de/wohnung/mieten/ort-winterthur?pn=4","1 Zimmer","96m²","CHF 3'150.–","","","CHF 3'150.–","","","","","Konradstrasse 15a, 8400 Winterthur","","","","","Erstbezug - Atelierwohnung mit Loft-Charakter","","","","","Mit dem ""K15"" entsteht an zentraler Lage in Winterthur ein einzigartiges Wohnprojekt, das historische Bausubstanz mit moderner Architektur und nachhaltigem Wohnen verbindet.Die Atelierwohnung 15a-002 überzeugt mit einem aussergewöhnlichen Raumkonzept, einem grosszügigen Atelierbereich, einem separaten Zimmer sowie zwei Terrassen mit insgesamt 32 m². Hochwertige Materialien und ein moderner Innenausbau schaffen ein Wohnambiente mit besonderem Charakter.Die zentrale Lage nahe Einkaufsmöglichkeiten, Gastronomie und dem Hauptbahnhof Winterthur bietet urbanes Wohnen mit hoher Lebensqualität.Highlights auf einen Blick • Grosszügige Wohnfläche • Zwei Terrassen mit insgesamt 32 m² • Hochwertige Küche mit Electrolux-Geräten (Induktionskochfeld, Kombisteamer und Geschirrspüler) • Eichen-Klötzliparkett in den Wohnräumen • Modernes Badezimmer mit fugenlosem Polyurethanboden • Fussbodenheizung • 3-fach-Isolierverglasung • Elektrische Sonnen- und Sichtschutzsysteme • Video-Gegensprechanlage • Lift vorhanden • Kellerabteil • Fernwärmeanschluss Auf Wunsch können Einstellplätze und Motorradplätze in der Tiefgarage dazu mieten.Weitere Informationen zum Projekt, das gesamte Wohnungsangebot, verfügbare Besichtigungstermine sowie die Möglichkeit zur direkten Einreichung Ihrer Bewerbung finden Sie unter: www.k15-winterthur.ch.","","","",""
"1789666061-22","https://www.immoscout24.ch/de/wohnung/mieten/ort-winterthur?pn=4","2.5 Zimmer","69m²","CHF 2'550.–","","","CHF 2'550.–","","","","","Konradstrasse 15a, 8400 Winterthur","","","","","Erstbezug - Grosszügige Wohnung mit hochwertigem Ausbau","","","","","Mit den Mietwohnungen an der Konradstrasse 15 entsteht an äusserst zentraler Lage in Winterthur ein einzigartiges Wohnprojekt, das historische Bausubstanz mit moderner Architektur und nachhaltigem Wohnen verbindet.Die Wohnung 15a-101 überzeugt mit grosszügigen Raumverhältnissen, einem hellen Wohn- und Essbereich, einem grossen Balkon sowie einem hochwertigen Innenausbau mit Eichenparkett, moderner Küche und stilvollem Badezimmer.Die zentrale Lage nahe Einkaufsmöglichkeiten, Gastronomie und dem Hauptbahnhof Winterthur bietet urbanes Wohnen mit hoher Lebensqualität.Highlights auf einen Blick • Hochwertige Küche mit Electrolux-Geräten (Induktionskochfeld, Kombisteamer und Geschirrspüler) • Eichen-Klötzliparkett im Wohn- und Schlafzimmer • Modernes Badezimmer mit Dusche • Fussbodenheizung • 3-fach-Isolierverglasung • Elektrische Sonnen- und Sichtschutzsysteme • Video-Gegensprechanlage • Lift vorhanden • Kellerabteil • Fernwärmeanschluss Auf Wunsch können Einstellplätze sowie Motorradplätze dazu gemietet werden.Weitere Informationen zum Projekt, das gesamte Wohnungsangebot, verfügbare Besichtigungstermine sowie die Möglichkeit zur direkten Einreichung Ihrer Bewerbung finden Sie unter: www.k15-winterthur.ch.","","","",""
"1789666061-23","https://www.immoscout24.ch/de/wohnung/mieten/ort-winterthur?pn=4","3.5 Zimmer","77m²","CHF 2'940.–","","","CHF 2'940.–","","","","","Konradstrasse 15b, 8400 Winterthur","","","","","Erstbezug - Wohnen über den Dächern von Winterthur","","","","","Zentral, zentraler - Konradstrasse!Nur wenige Gehminuten vom Hauptbahnhof Winterthur entfernt befinden sich die attraktiven Mietwohnungen des Projektes K15.Die 3.5-Zimmer-Dachwohnung Nr. 15b-504 überzeugt mit einem durchdachten Grundriss, zwei charmante Zimmer, zwei Balkonen sowie einem hochwertigen Innenausbau mit Eichenparkett, moderner Küche und stilvollem Badezimmer. Die Dachsituation verleiht der Wohnung zudem einen besonderen Wohncharakter und eine einzigartige Atmosphäre.Einige Highlights auf einen Blick • Dachwohnung mit besonderem Wohncharakter • Hochwertige Küche mit Electrolux-Geräten (Induktionskochfeld, Kombisteamer und Geschirrspüler) • Eichen-Klötzliparkett im Wohn- und Schlafzimmer • Modernes Badezimmer mit fugenlosem Polyurethanboden • Fussbodenheizung • 3-fach-Isolierverglasung • Elektrische Sonnen- und Sichtschutzsysteme • Video-Gegensprechanlage • Lift (bis zum 4. Obergeschoss) • Kellerabteil • Fernwärmeanschluss Auf Wunsch können Tiefgaragenplätze sowie Motorradplätze in der Tiefgarage dazu gemietet werden.Weitere Informationen zum Projekt, das gesamte Wohnungsangebot, verfügbare Besichtigungstermine sowie die Möglichkeit zur direkten Einreichung Ihrer Bewerbung finden Sie unter: www.k15-winterthur.ch.","","","",""
"1789666061-24","https://www.immoscout24.ch/de/wohnung/mieten/ort-winterthur?pn=4","3.5 Zimmer","86m²","CHF 2'530.–","","","CHF 2'530.–","","","","","Wurmbühlstrasse 20, 8405 Winterthur","","","","","Wohnen in Winterthur Seen – Erstbezug nach Sanierung","","","","","An der Wurmbühlstrasse 18 in Winterthur Seen finden Sie frisch sanierte Mietwohnungen.Gelegen im 1. Obergeschoss bietet diese grosszügige und moderne 3.5-Zimmerwohnung alles, was das Herz begehrt.Die Wohnung auf einen Blick: • Grosszügiger Grundriss: Viel Platz zum Wohnen und Wohlfühlen. • Moderne Küche und Badezimmer: Zeitgemäss erneuert und hochwertig ausgestattet. • Helle Wohnräume: Freundliche Atmosphäre dank viel Tageslicht. • Ruhige Quartierlage: Wohnen in angenehmer Umgebung. • Attraktive Infrastruktur: Einkaufsmöglichkeiten, ÖV und Erholung in unmittelbarer Nähe. Das beliebte Quartier Seen bietet die ideale Kombination aus ruhigem Wohnen und urbaner Nähe. Einkaufsmöglichkeiten, öffentliche Verkehrsmittel und vielfältige Freizeitangebote sind bequem erreichbar. Die naturnahe Umgebung sowie die hervorragende Infrastruktur machen diesen Standort zu einem attraktiven Zuhause für Singles, Paare und Familien.Die gezeigten Bilder dienen als Muster und können vom tatsächlichen Objekt abweichen.Weitere Informationen sowie das ganze Wohnungsangebot finden Sie auf der Projektwebseite.","","","",""
"1789666061-25","https://www.immoscout24.ch/de/wohnung/mieten/ort-winterthur?pn=4","3.5 Zimmer","133m²","CHF 2'600.–","","","CHF 2'600.–","","","","","Oberseenerstrasse 16, 8405 Winterthur","","","","","Ein glücklicher Wohnungsstart","","","","","Per sofort oder nach Vereinbarung vermieten wir diese schöne 3.5-Zimmerwohnung im Herzen von Winterthur.Die Wohnung bietet Ihnen folgende Annehmlichkeiten:- Wohn- und Schlafzimmer mit Parkettboden - Küche und Nasszelle mit pflegeleichtem Plattenboden- Grosses Wohnzimmer mit viel Tageslicht- Helle und geräumige Zimmer- Küche mit Glaskeramikherd, Geschirrspüler, Backofen und ausreichend Stauraum für Ihre Küchenutensilien- Badezimmer mit WC, Doppellavabo, Spiegelschrank, Dusche, Badewanne, Tageslicht und eigenem Waschturm (Waschmaschine und Trockner) - Korridor mit praktischen Einbauschränken, welche für zusätzlichen Stauraum sorgen - Balkon für gemütliche Sonnenstunden- Eigenes KellerabteilDie Haustierhaltung ist in dieser Liegenschaft erlaubt.Nach Verfügbarkeit kann ein Parkplatz für CHF 40.00 oder ein Einstellplatz für CHF 120.00 pro Monat dazu gemietet werden.Umgebung:- Schöne Grünfläche hinter dem Haus- Diverse Einkaufsmöglichkeiten befinden sich in unmittelbarer Nähe- Sehr gute Anschlüsse an den öffentlichen VerkehrBitte beachten Sie, dass die Bilder als Referenzbilder dienen und vom Original abweichen können.Haben wir Ihr Interesse geweckt? Für einen Besichtigungstermin kontaktieren Sie uns bitte schriftlich über das Kontaktformular. Wir freuen uns auf Ihre Anfrage.","","","",""
"1789666061-26","https://www.immoscout24.ch/de/wohnung/mieten/ort-winterthur?pn=4","3.5 Zimmer","85m²","CHF 2'009.–","","","CHF 2'009.–","","","","","Holzlegistr. 15a, 8408 Winterthur","","","","","MIETEN OHNE KAUTION - Familienfreundliche Wohnung","","","","","Diese kinderfreundliche Wohnsiedlung begeistert Sie und Ihre Familie, wenn Sie die Natur lieben und gerne modern wohnen. Die unmittelbare Nähe zu den Einkaufsmöglichkeiten und den Schulen erspart Ihnen lange Wege und erleichtert den Alltag.Für Ihre Wohnqualität:- Parkettböden in Wohn- und Schlafzimmern- Offene Küche mit Glaskeramikherd und Geschirrspüler- Entrée mit Einbauschränken- Bad mit Badewanne- Grosszügiger Balkon- Separates Kellerabteil für mehr StauraumZusätzlich auf Wunsch: Einstellplatz Tiefgarage CHF 140.-/Monat.Bei diesem Mietobjekt müssen Sie nicht wie üblich drei Monatsmieten als Kaution auf ein Sperrkonto einzahlen. So bleiben Sie liquid, da nicht eine grössere Geldsumme für die Dauer Ihres Mietverhältnisses blockiert ist. Und das Beste: Das Angebot ""Mieten ohne Kaution"" ist für Sie gratis. Erfahren Sie mehr auf https://regimo.ch/kaution oder auf dem Flyer in der Fotoserie des Inserates.Interessiert? Dann lohnt sich eine Besichtigung.","","","",""
"1789666061-27","https://www.immoscout24.ch/de/wohnung/mieten/ort-winterthur?pn=4","2.5 Zimmer","61m²","CHF 1'730.–","","","CHF 1'730.–","","","","","Pionierstr. 18, 8400 Winterthur","","","","","MIETEN OHNE KAUTION - Urbanes Wohnen im trendigen Sulzer-Areal","","","","","Diese Wohnung begeistert vor allem durch den hohen Wohnkomfort, die grosszügigen Fensterfronten, eine modern eingerichtete Küche und durch ihre zentrale Lage. Die Altstadt, das Zentrum Neuwiesen, S-Bahn und diverse andere Einkaufsmöglichkeiten sind bequem zu Fuss zu erreichen.Für Ihre Wohnqualität:- Parkettböden in Wohn- und Schlafzimmer- Im Wohnraum integrierte offene Küche- Bad/WC- Eigene Waschmaschine und Tumbler- Loggia/BalkonZusätzlich auf Wunsch: Einstellplatz in der Tiefgarage CHF 170.-/Monat.Bei diesem Mietobjekt müssen Sie nicht wie üblich drei Monatsmieten als Kaution auf ein Sperrkonto einzahlen. So bleiben Sie liquid, da nicht eine grössere Geldsumme für die Dauer Ihres Mietverhältnisses blockiert ist. Und das Beste: Das Angebot ""Mieten ohne Kaution"" ist für Sie gratis. Erfahren Sie mehr auf https://regimo.ch/kaution oder auf dem Flyer in der Fotoserie des Inserates.Bitte beachten Sie, dass es sich bei den Bilder um Beispielbilder handelt, welche den Ausbaustandard der Wohnung zeigen. Abweichungen sind vorbehalten.Interessiert? Dann lohnt sich eine Besichtigung.","","","",""
"1789666061-28","https://www.immoscout24.ch/de/wohnung/mieten/ort-winterthur?pn=4","3 Zimmer","77m²","CHF 1'570.–","","","CHF 1'570.–","","","","","Wingertlistrasse 14, 8405 Winterthur","","","","","3-Zimmerwohnung im Hochparterre","","","","","Wir vermieten per 1. Dezember 2026 eine 3-Zimmerwohnung im 1. OG mit ca. 77 m2 Wohnfläche.Folgendes erwartet Sie:- Küche mit Glaskeramikherd und Geschirrspüler- Badezimmer mit Badewanne- separates WC- Wohn- und Schlafzimmer mit Parkettböden- Garderobe- und Einbauschränke im Eingangs- und Korridorbereich- Kellerabteil- Waschküche zur Mitbenützung- Lift- Hundehaltung ist leider nicht möglichEin Einstellplatz kann für Fr. 130.00/Mt. dazu gemietet werden.Haben wir Ihr Interesse geweckt?Dann zögern Sie nicht uns zu kontaktieren.*************************************************Bemerkungen:Die inserierten Fotos zeigen eine vergleichbare Wohnung im selben Haus. Die zu vermietende Wohnung kann materialtechnisch insbesondere bei den Bodenbelägen von den dargestellten Fotos abweichen.Keine Gewähr auf die Genauigkeit der Masse im Grundriss. Es zählen die effektiven Masse vor Ort.","","","",""
"1789666061-29","https://www.immoscout24.ch/de/wohnung/mieten/ort-winterthur?pn=4","4.5 Zimmer","93m²","CHF 2'730.–","","","CHF 2'730.–","","","","","Solarstrasse 25, 8404 Winterthur","","","","","Moderne Wohnung direkt am Bahnhof Winterthur Hegi","","","","","Willkommen in Ihrem urbanen Wohntraum!Im aufstrebenden Hegi-Quartier in Winterthur steht Ihnen eine exklusive Mietwohnung (4.5-ZWG) zur Verfügung, die eine hochwertige Bauweise mit durchdachter Raumgestaltung und nachhaltiger Minergie-P-Zertifizierung vereint.Doch das ist noch längst nicht alles, diese Highlights erwarten Sie:- Edles Eichenparkett- lichtdurchflutete Räume- Waschturm in der Wohnung- Grosszügiges Kellerabteil- Kontrollierte Wohnungslüftung und Fussbodenheizung- Sonniger Balkon - Nachhaltige Energieversorgung dank Fernwärme und PhotovoltaikDie Lage ist ideal für alle, die naturnah und dennoch zentral leben möchten. Der Bahnhof Winterthur-Hegi liegt nur einen Katzensprung entfernt, und in nur 8 Minuten erreichen Sie den Hauptbahnhof Winterthur.Einkaufsmöglichkeiten, Schulen und Naherholungsgebiete befinden sich in unmittelbarer Nähe.Bitte beachten Sie, dass es sich bei den Fotos um Aufnahmen einer typenähnlichen Wohnung handelt.David Salinovic freut sich auf Ihre Kontaktaufnahme via Kontaktformular.","","","",""
"1789666061-30","https://www.immoscout24.ch/de/wohnung/mieten/ort-winterthur?pn=4","3.5 Zimmer","80m²","CHF 2'930.–","","","CHF 2'930.–","","","","","Tösstalstr. 93, 8400 Winterthur","","","","","Neubauwohnung - Ihr neuer Lebensraum: modern, grün, vernetzt","","","","","Im beliebten Wohnquartier Mattenbach entstanden nachhaltige Neubauwohnungen in moderner Holzbauweise mit hohem Wohnkomfort. Die Wohnung überzeugt mit hellen Räumen, grosszügiger Terrasse und Balkon sowie hochwertiger Ausstattung. Dank zentraler Lage sind Innenstadt, ÖV, Einkaufsmöglichkeiten und das Naherholungsgebiet Eschenberg/Bruderhaus schnell erreichbar, während ein grüner Innenhof zusätzliche Lebensqualität bietet.Bitte beachten Sie, dass es sich bei den Fotos um Bilder vor der Fertigstellung und Reinigung handelt. Die Wohnung wird bis zum 1. September 2026 fertiggestellt und ist ab dann bezugsbereit.Für Ihre Wohnqualität:- Fugenloser Anhydritboden in Wohn-/Schlafbereich, Feinsteinzeug anthrazit in den Bädern- Vollholzdecke für gemütliches Raumgefühl- Fussbodenheizung mit Fernwärme- Moderne offene Küche mit Induktionskochfeld, Geschirrspüler und grossem Kühlschrank- Zusätzliche Galerie 6 m2 zum Beispiel für Homeoffice oder Leseecke- Badezimmer mit Badewanne/WC und eigenem Waschturm- Zweite Nasszelle mit Dusche/WC- Reduit für zusätzlichen Stauraum- Grosszügiger Balkon 10.5 m2 und Loggia 14.5 m2- Gemeinschaftlicher Hofbereich mit Sitz- und SpielgelegenheitenZusätzlich auf Wunsch: Einstellplatz Tiefgarage CHF 180.-/Monat oder Elektro Einstellplatz CHF 210.-/Monat.Interessiert? Wir freuen uns auf Ihre Bewerbung.","","","",""
"1789666061-31","https://www.immoscout24.ch/de/wohnung/mieten/ort-winterthur?pn=4","3 Zimmer","77m²","CHF 1'960.–","","","CHF 1'960.–","","","","","Wingertlistrasse 16, 8405 Winterthur","","","","","Tolle Wohnung im Tägelmoos-Quartier","","","","","Per 1. Dezember 2026 vermieten wir eine im 2023 modern sanierte 3-Zimmerwohnung im familiären Quartier.Es erwartet Sie folgende Ausstattung:Neue Einbauküche mit Granitarbeitsfläche, moderne Küchengeräte wie Glaskeramikherd, Geschirrspüler und Kühlschrank mit grossem Tiefkühlschrank.Schöne Parkettbeläge in allen Wohn- und Schlafbereichen.Zwei Nasszellen mit Badewanne und Toilette, separate Dusche mit Toilette und jeweils grossem Spiegelschrank. Eigener Waschturm mit Waschmaschine/Tumbler.Grosszügiger Eingangsbereich mit Garderobe und Einbauschränken. Gegensprechanlage mit automatischem Türöffner und Sonnerie mit eingebauter Kamera.Balkon mit Mittag-/AbendsonneEigenes KellerabteilLiftanlageZusätzlich profitieren Sie von wärmegedämmten Fassaden, um Heizkosten zu sparen.Ein Einstellplatz kann zu Fr. 145.-/Mt. dazu gemietet werden.Alle wichtigen Infrastrukturen wie Bus, Schulen, Kindergarten, Einkaufsmöglichkeiten und Sportanlagen befinden sich in unmittelbarer Nähe. Autobahnanschluss ca. 3 kmGerne können Sie die Wohnung ohne Voranmeldung wie folgt besichtigen.Freitag, 18. September 2026 von 17:00-18:00 Uhr⁠Dienstag, 22. September 2026 von 18:00-19:00 Uhr⁠Donnerstag, 24. September 2026 von 17:00-18:00 UhrBitte klingeln Sie bei Bircher.******************************************************************************Bemerkungen zum Grundriss: Sämtliche Angaben dienen lediglich zu Informationszwecken und erfolgen ohne Gewähr für Richtigkeit, Genauigkeit und Vollständigkeit. Haftungsansprüche werden diesbezüglich abgelehnt.******************************************************************************Wir freuen uns auf Ihre anschließende Bewerbung!!!","","","",""
"1789666061-32","https://www.immoscout24.ch/de/wohnung/mieten/ort-winterthur?pn=4","4.5 Zimmer","96m²","CHF 2'200.–","","","CHF 2'200.–","","","","","Meilistrasse 9, 8400 Winterthur","","","","","Stadtnah","","","","","Mittendrin, sonnig und ruhigReizvoll an bester Wohnlage……Winterthur – das ist Leben mit freundlichen Menschen und netten Nachbarn. In Winterthur heisst wohnen auch leben.Die sonnigen und offenen Räume und der grosszügige Balkon mit Blick ins Grüne verleihen der Wohnung ein spezielles Wohngefühl. Die Wohnung befindet sich in einem 5-Familienhaus mitten im Stadtzentrum in einem kinderfreundlichen Wohnquartier.Per 16. November 2026 oder nach Vereinbaren, vermieten wir diese 4.5-Zimmerwohnung mit ca. 96 m2 Wohnfläche und folgender Ausstattung:- grosszügige und offene Küche mit Fenster, Geschirrspüler- Bad/WC mit Einbauschränken und Handtuchradiator, Plattenboden- Wohnzimmer ca. 32 m2, mit Parkettboden - 3 Schlafzimmer sowie Korridor mit Parkettboden- Balkon ganztägig bis am Abend besonnt- separates Estrichabteil- Lift- Schulen, Kindergarten, Spital, Einkaufsmöglichkeiten in nächster Nähe- Bahnhof und Altstadt in kurzer Gehdistanz erreichbarEine Garagenbox kann für Fr. 170.-/Mt. dazu gemietet werden.Hunde- und Katzenhaltung ist in dieser Liegenschaft leider nicht möglich.****************************************Bemerkung zum Grundrissplan:Keine Gewähr für die Genauigkeit des Planes.Es zählen die effektiven Masse am Bau.","","","",""
"1789666061-33","https://www.immoscout24.ch/de/wohnung/mieten/ort-winterthur?pn=4","4.5 Zimmer","143m²","CHF 2'890.–","","","CHF 2'890.–","","","","","Schlossmühlestrasse 41, 8408 Winterthur","","","","","Grosszügige 4.5-Zimmer-Maisonette-Wohnung mit Terrasse und Dachgarten in Winterthur","","","","","Willkommen in dieser stilvollen und grosszügigen 4.5-Zimmer-Maisonette-Wohnung im 2. Obergeschoss eines modernen Gebäudes aus dem Jahr 2009 in Winterthur-Wülflingen. Mit einer Wohnfläche von 143 m² bietet diese Terrassenwohnung ein aussergewöhnliches Wohngefühl auf zwei Ebenen – ideal für Familien, Paare oder alle, die Raum und Komfort schätzen.Die Wohnung überzeugt mit folgenden Highlights: • Heller, offener Wohn- und Essbereich: Mit modernen weissen Küchenschränken, schwarzen Arbeitsflächen, hellem Laminatboden und grossen Fenstern. • Moderne Küche: Vollständig ausgestattet mit Geschirrspüler und viel Platz. • Mehrere Schlafzimmer: Gemütliche, helle Zimmer mit grossen Fenstern, Laminatboden und viel Stauraum. • Zwei moderne Badezimmer: Eines davon mit Doppelwaschbecken und Badewanne, das andere mit Dusche, Waschmaschine und Tumbler. • Terrasse und Dachgarten: Eine grosszügige Terrasse mit Plattenboden und Dachgarten – beide mit herrlichem Blick ins Grüne und auf die umliegenden Hügel. • Eingangsbereich mit Treppenhaus: Stilvoller Flur mit Laminat/Plattenboden und einer eleganten Treppe, die die beiden Wohnebenen verbindet. • Lift, Garage und Kabel-TV vorhanden. • Haustiere willkommen – kinderfreundlich und familientauglich. Die Wohnung ist im Sommer sehr sonnig und liegt in einer ruhigen Umgebung – sowohl Bahn- als auch Strassenlärm sind nachts kaum wahrnehmbar.Lage und Infrastruktur: Die Wohnung befindet sich in der Schlossmühlestrasse 41, 2. OG Haus G in Winterthur (8408) und profitiert von einer hervorragenden Anbindung sowie einer gut ausgebauten Nahversorgung: • Bushaltestelle Fachschule: nur 2 Gehminuten entfernt • ALDI Supermarkt: in 7 Gehminuten erreichbar • Primarschule Ausserdorf: in 11 Gehminuten – ideal für Familien mit Kindern • Drogerie Wülflingen GmbH: in 15 Gehminuten erreichbar • Fluss und Bahn in unmittelbarer Nähe Wir wünschen Ihnen eine tolle Besichtigung!","","","",""
"1789666061-34","https://www.immoscout24.ch/de/wohnung/mieten/ort-winterthur?pn=4","3 Zimmer","60m²","CHF 1'620.–","","","CHF 1'620.–","","","","","Giesserstrasse 1, 8406 Winterthur","","","","","Home Sweet Home","","","","","Per sofort oder nach Vereinbarung vermieten wir eine gemütliche 3-Zimmerwohnung im Erdgeschoss.Folgendes erwartet Sie:- Einfache Küche- Korridor, Wohn- und Schlafzimmer mit Laminatbodenbelag- Waschküche zur Mitbenützung- Balkon- KellerabteilDurch die regelmässigen Busverbindungen ist die Winterthurer-Altstadt 10 min entfernt.Bei Fragen zögern Sie nicht uns zu kontaktieren. Wir freuen uns auf Ihre Bewerbung.","","","",""
"1789666061-35","https://www.immoscout24.ch/de/wohnung/mieten/ort-winterthur?pn=4","5.5 Zimmer","140m²","CHF 3'530.–","","","CHF 3'530.–","","","","","Salstrasse 20, 8400 Winterthur","","","","","Topmoderne Wohnung unweit der Winterthurer Altstadt","","","","","An der Salstrasse 20, 8400 Winterthur vermieten wir per 1. Dezember oder nach Vereinbarung eine schöne und topmoderne 5.5-Zimmerwohnung im EG.Innenausstattung: • Wohnraum und Küche mit geöltem Eichenparkett • Badezimmer mit Feinsteinzeugplatten • Geschirrspüler, Combi-Steamer, Kühlschrank und Induktionsherd (V-ZUG) • Waschturm (V-ZUG) • Grundrissplan siehe Dokumentation Die moderne Bauweise kombiniert hochwertige Materialien mit einer hellen, freundlichen Wohnatmosphäre und sorgt für ein angenehmes, behagliches Wohngefühl. Dank grosszügiger Fensterfronten sind die Räume lichtdurchflutet.Die Bilder stammen aus der Visualisierung des Neubaus aus dem Jahre 2022 und entsprechen nicht 1:1 der Wohnung, jedoch dem Ausbau. Den Grundriss entnehmen Sie bitte der Dokumentation (003)Bei Interesse wenden Sie sich bitte an Sabina Dederding","","","",""
"1789666061-36","https://www.immoscout24.ch/de/wohnung/mieten/ort-winterthur?pn=4","3.5 Zimmer","94m²","CHF 3'089.–","","","CHF 3'089.–","","","","","Dialogplatz 10, 8400 Winterthur","","","","","Moderne 3.5-Zimmerwohnung in der Lokstadt","","","","","Wir vermieten per 1. November 2026 diese tolle Wohnung im BIGBOY. Das Wohnhochhaus BIGBOY vereint alle Wünsche und bietet Ihnen mehr als nur schönes und gesundes Wohnen. Der BIGBOY überzeugt innen und aussen durch eine gekonnte Architektur und überragt das ganze Quartier.Der neue Stadtteil, das erste zertifizierte 2000-Watt-Areal in Winterthur, ist heute ein urbaner nachhaltiger Lebensraum mit zukunftsweisenden Visionen. Gebaut für Menschen, die das Stadtleben schätzen und sich der Zukunftsverantwortung bewusst sind. Die Wohnung liegt im 14. Obergeschoss und bietet folgende Highlights:- Gut möblierbare Grundrissaufteilung- Lichtdurchfluteter offener Wohn- und Essbereich- Offene Küche mit Küchengeräten der Firma Elektrolux- Zwei Moderne Badezimmer mit bodenebener Dusche und Badewanne inkl. Waschturm- Grosszügige Schlafzimmer mit viel Tageslicht- Gemütliche Loggia à 7.7 m2 mit Weitsicht- Edler Parkettbelag in allen Wohn-, Ess- und Schlafbereichen Ein eigenes Kellerabteil im Untergeschoss gehört zur Wohnung. Bitte beachten Sie, dass die Bilder Ihnen den Ausbaustandard aufzeigen sollen. Wir machen Sie darauf aufmerksam, dass die Bilder vom Grundriss der Wohnung abweichen können. Haben wir Ihr Interesse geweckt und Sie möchten sich diese schöne Wohnung anschauen? Dann zögern Sie nicht und setzen sich mit uns in Verbindung. Wir freuen uns auf Ihre Anfrage via dem Kontaktformular der Plattform.","","","",""
"1789666061-37","https://www.immoscout24.ch/de/wohnung/mieten/ort-winterthur?pn=4","3.5 Zimmer","100m²","CHF 2'470.–","","","CHF 2'470.–","","","","","Schlosshofstrasse 15, 8400 Winterthur","","","","","Werk 3 - rundum attrakiv leben im EG","","","","","Herzlich Willkommen im Werk 3. Das gut erschlossene Sulzer-Areal liegt im Brühlberg-Quartier, nahe dem Einkaufszentrum ""Lokwerk"". Das Stadtzentrum ist zu Fuss und per Buss schnell erreichbar, und die Nähe zur Autobahneinfahrt ""Töss"" bringt motorisierten Bewohnerneine zeitsparende Verkehrsanbindung nach Zürich und zum Flughafen. Das Werk 3 bietet viel Raum für individuelles Wohnen. Mit anderen Worten: Hier finden Sie die nötige Ruhe, für die Erfüllung urbaner und doch ungestörter Wohnträume.Die Wohnung ist mit allem ausgestattet, was von einer zeitgemässen Einrichtung erwartet werden darf. - Hochwertiger Ausbaustandard- Moderne, halboffene Küche mit schwarzer Natursteinabdeckung- Energieeffiziente Electrolux-Einbaugeräte- Eichenparkett im Wohn- und Schlafzimmer- Badezimmer mit keramischen Platten, Badewanne, Lavabo, Spiegelschrank- Kontrollierte Wohnraumlüftung- Eigene Waschmaschine / Tumbler- Loggia- Keller Bitte beachten Sie, dass die Fotoaufnahmen typenähnlich sind und lediglich dem Standard entsprechen. Haben wir Ihr Interesse geweckt und Sie möchten sich diese schöne Wohnung anschauen? Dann zögern Sie nicht und setzen sich mit uns in Verbindung. Wir freuen uns auf Ihre Anfrage via dem Kontaktformular der Plattform.","","","",""
"1789666061-38","https://www.immoscout24.ch/de/wohnung/mieten/ort-winterthur?pn=4","2.5 Zimmer","57m²","CHF 2'085.–","","","CHF 2'085.–","","","","","Solarstrasse 27, 8404 Winterthur","","","","","Moderne Wohnung am Bahnhof Winterthur Hegi","","","","","Im aufstrebenden Hegi-Quartier in Winterthur steht eine exklusive 2.5-Zimmer-Wohnung per 01.11.2026 zur Verfügung. Sie vereint eine hochwertige Bauweise mit durchdachter Raumgestaltung und nachhaltiger Minergie-P-Zertifizierung.Freuen Sie sich unteranderem auf eine attraktive Wohnungen, die sich im 5. Stockwerk befindet.Doch das ist noch längst nicht alles, diese Highlights erwarten Sie: • Edles Eichenparkett • Überhohe und lichtdurchflutete Räume • Waschturm in der Wohnung • grosszügiges Kellerabteil • Kontrollierte Wohnungslüftung und Fussbodenheizung • Sonniger Sitzplatz • Nachhaltige Energieversorgung dank Fernwärme und Photovoltaik Die Lage ist ideal für alle, die naturnah und dennoch zentral leben möchten. Der Bahnhof Winterthur-Hegi liegt nur einen Katzensprung entfernt, und in nur 8 Minuten erreichen Sie den Hauptbahnhof Winterthur. Einkaufsmöglichkeiten, Schulen und Naherholungsgebiete befinden sich in unmittelbarer Nähe.Bitte beachten Sie, dass es sich bei den Fotos um Aufnahmen einer typenähnlichen Wohnung handelt.Wir freuen uns auf Ihre Kontaktaufnahme über das Kontaktformular ""Kontaktieren"".","","","",""
"1789666061-39","https://www.immoscout24.ch/de/wohnung/mieten/ort-winterthur?pn=4","5.5 Zimmer","169m²","CHF 3'340.–","","","CHF 3'340.–","","","","","Trottenwiesenstrasse 22, 8404 Winterthur","","","","","5.5 Zimmerwohnung an ruhiger Lage mit grosszügigem Garten","","","","","Die exklusive, helle Parterre-Wohnung am Hang im Stadtrain-Quartier, zeichnet sich durch ihren grosszügigen Grundriss aus. Eine grosse, sonnige Terrasse mit Blick in den wunderschönen Garten lädt zum Verweilen ein. Die Wintermonate geniessen Sie gemütlich vor dem Cheminée im Wohnzimmer. Waschen, wann immer Sie wollen, ist möglich, da die Wohnung über einen eigenen Waschturm verfügt. Die Wohnung befindet sich in einem Wohnhaus mit nur sechs Mietpartien und eignet sich insbesondere für ruhebedürftige Personen, die das Besondere und Individuelle schätzen. Die gesamte Liegenschaft mit weiträumigem Umschwung befindet sich ausserdem im Privatbesitz.Die Highlights kurz zusammengefasst: • Renoviert 2022 • Separater Schlaftrakt mit drei Schlafräumen • Grosszügiges Badezimmer mit sep. Dusche, Badewanne, zwei Lavabos, WC/Fenster • Küche mit Granitabdeckung, Geschirrspüler, Glaskeramikkochfeld, viele Kästchen • Geräumiges Esszimmer mit Verbindung zur Küche • Aussergewöhnlich grosser Wohnbereich mit Cheminée • Wohnen/Essen/Schlafräume mit Eichenparkett-Böden ausgestattet • Küche/Nasszellen/Entrée mit keramischen Bodenplatten und teils Mosaikwandplatten • Diverse Einbauschränke bieten viel Stauraum • WM/TU in der Wohnung • Gäste-WC mit Fenster und separatem Lavabo • Grosse Terrasse in südwestliche Ausrichtung • Kleiner Balkon (nach Osten ausgerichtet) • Zwei separate Keller + ein kleines Kellerabteil für Cheminée-Holz gehören zur Wohnung • Hunde sind nicht erlaubt Einzelgarage mit direktem Zugang ins Haus für CHF 140.00/mtl. kann dazu gemietet werden.Für weitere Fragen stehen wir Ihnen gerne via Email info@varias.ch oder Telefon +41 52 208 10 00 zur Verfügung.Beste GrüsseVARIAS Immobilien AG","","","",""
"1789666061-40","https://www.immoscout24.ch/de/wohnung/mieten/ort-winterthur?pn=4","4 Zimmer","72m²","CHF 1'825.–","","","CHF 1'825.–","","","","","Holzlegistr. 6, 8408 Winterthur","","","","","Wohnen an ruhiger Lage - MIETEN OHNE KAUTION","","","","","Geniessen Sie Ihr neues Zuhause an einer ruhigen Lage in Winterthur Wülflingen. Die Wohnung ist ab dem 01.09.2022 verfügbar und überzeugt Sie zudem mit folgenden Eigenschaften:- Küche mit Geschirrspüler, Backofen und Glaskeramik- Schönes Bad- Wohnbereich Parkett- Schlafzimmer mit Linoleumboden- Wandschrank im Korridor- Sonniger Balkon mit schöner Aussicht- Eigener Keller und Estrichabteil- Garage für CHF 150.00 pro Monat dazumietbar. - Gute Verkehrsverbindungen- Nähe LindenplatzFotos zeigen den Standard","","","",""
"1789666064-41","https://www.immoscout24.ch/de/wohnung/mieten/ort-winterthur?pn=3","5.5 Zimmer","132m²","CHF 2'620.–","","","CHF 2'620.–","","","","","Rümikerstr. 36, 8409 Winterthur","","","","","Grosszügig und Modern!","","","","","Im ruhigen, überschaulichen Wohnquartier wartet Ihr neues Zuhause auf Sie:- Offene, geräumige und moderne Küche- Glaskeramik und Geschirrspüler vorhanden- Tiefkühler mit 3 Schubladen- Ganze Wohnung mit Parkettboden- Geräumiges Wohnzimmer mit grossem Balkon- Gemütliche Schlafzimmer- Modernes Bad/WC mit Doppellavabo- Dusche/WC- Grosses Entrée mit einigen Wandschränken- LiftDie Wohnung befindet sich in der ruhigen Wohnanlage in Winterthur Hegi. Von dort aus gibt es gute Busverbindungen zur Innenstadt und zum Bahnhof Winterthur. In der Nähe befinden sich diverse Einkaufsmöglichkeiten und der Bahnhof Hegi ist in einigen Gehminuten erreichbar.Die Fotos zeigen den Standart und können von der eigentlichen Wohnung abweichen. Haben wir Ihr Interesse geweckt? Wir freuen uns über Ihre Kontaktaufnahme.","","","",""
"1789666064-42","https://www.immoscout24.ch/de/wohnung/mieten/ort-winterthur?pn=3","3.5 Zimmer","76m²","CHF 1'765.–","","","CHF 1'765.–","","","","","Heiniweg 10, 8404 Winterthur","","","","","Einfach Zuhause fühlen! ""Mieten ohne Kaution""","","","","","In Oberwinterthur, im schönen Wallrüti-Quartier, vermieten wir diese 3.5 Zimmerwohnung, profitieren Sie von folgenden Vorzügen:- Wohnbereich Parkett, Badezimmer Platten - Moderne Wohnküche mit GS, GK, Fenster und Balkon- Helles Badezimmer mit Badewanne- Praktisches Reduit- Kellerabteil- Grosszügiger Balkon- Kinderfreundliche Lage- Gute Einkaufsmöglichkeiten- Nähe Bahnhof 'Wallrüti'Mieten ohne Kaution = kein blockiertes Geld","","","",""
"1789666064-43","https://www.immoscout24.ch/de/wohnung/mieten/ort-winterthur?pn=3","3 Zimmer","65m²","CHF 1'800.–","","","CHF 1'800.–","","","","","Mooswiesenweg 17, 8404 Winterthur","","","","","Attraktives Zuhause mit Stadt- und Schwimmbadnähe","","","","","Diese charmante Wohnung verfügt über folgende Highlights: - moderne Küche mit Glaskeramik und Plattenboden - Entrée mit Garderobe und Wandschrank - grosszügiger und sonniger Balkon mit Wind-/ Sichtschutz - separates Keller- und Estrichabteil - Plattenboden im Entrée, Badezimmer und Küche. - Parkettböden im Wohnzimmer und SchlafzimmernIn nächster Nähe befinden sich ein ÖV-Anschluss, diverse Schulen, ein Schwimmbad in Oberwinterthur und viele Einkaufsmöglichkeiten.Die Bilder entsprechen dem Standard, kleine Abweichungen sind möglich","","","",""
"1789666064-44","https://www.immoscout24.ch/de/wohnung/mieten/ort-winterthur?pn=3","3.5 Zimmer","101m²","CHF 2'890.–","","","CHF 2'890.–","","","","","St. Gallerstr. 84, 8400 Winterthur","","","","","Ihre neue Traumwohnung","","","","","An zentraler Lage an der St. Gallerstr. 82/84 vermieten wir eine 3.5-Zimmer-Wohnungen, die nach einer vollumfänglichen Totalsanierung in neuem Glanz erstrahlen.Die modernen Wohnungen überzeugen mit folgenden Pluspunkten:- Grosszügiger Wohn-/Essbereich - Gut möblierbare und einzigartige Grundrisse- Hochwertige und elegante Küchen - Lichtdurchflutete und pflegeleichte Bäder - Eingangsbereich mit Einbauschränken- Waschmaschine/Tumbler in der Wohnung- Fussbodenheizung- Gemütliche Balkone oder Sitzplätze zum Verweilen und Geniessen- Zentrale und doch ruhig gelegene Lage unweit vom Stadtzentrum- Zahlreiche Einkaufs- und Verpflegungsmöglichkeiten in unmittelbarer GehdistanzBei Fragen oder für ergänzende Auskünfte stehen wir Ihnen gerne zur Verfügung. Wir freuen uns auf Ihre Kontaktaufnahme.Sie haben das Objekt bereits besichtigt und möchten sich darauf bewerben? Hier gelangen Sie zur Onlinebewerbung:https://www.mywincasa.ch/candidate/entry/05379.02.0240","","","",""
"1789666064-45","https://www.immoscout24.ch/de/wohnung/mieten/ort-winterthur?pn=3","3.5 Zimmer","83m²","CHF 2'490.–","","","CHF 2'490.–","","","","","Hündlerstrasse 17, 8406 Winterthur","","","","","Modern Wohnen in Winterthur-Dättnau","","","","","Ob Sie allein leben, als Paar oder mit Ihrer Familie - hier verwirklichen Sie Ihren Wohntraum. Überzeugen Sie sich selbst vom besonderen Flair dieser Wohnung bei einer unverbindlichen Besichtigung. Die Besichtigungstermine werden Ihnen nach Übermittlung Ihrer Kontaktanfrage mitgeteilt. Der hochwertige und ästhetische Innenausbau lässt kaum Wünsche offen. In sämtlichen Wohnräumen ist ein edler Plattenboden mit Holzoptik verlegt. Zudem gibt es wunderschöne grosse Fenster die, die Wohnung mit Licht durchfluten. Die offenen Küchen verfügen über energieeffiziente Geräte der Marke Miele. Die in der Küche installierten LED Lichter geben noch einen romantischen touch dazu. Ein eigener Waschturm gehört zu jeder Wohnung. Die Hündlerstrasse 9-17 steht für Behaglichkeit und Zeitgeist. Geniessen Sie Vorzüge wie Freecooling in der Wohnung, Ladestationen für Elektrofahrzeuge in der Tiefgarage und eine Photovoltaik-Anlage auf dem Dach. Zwei Parkplätze in der Tiefgarage stehen zur Verfügung und können für jeweils CHF 150.00 pro Monat dazu gemietet werden. Haustiere: Es sind keine Haustiere erwünscht. Wir freuen uns auf Ihre Anmeldung nach einer Besichtigung. Die Fotos entsprechen dem Standard und können vom Original abweichen.","","","",""
"1789666064-46","https://www.immoscout24.ch/de/wohnung/mieten/ort-winterthur?pn=3","3.5 Zimmer","103m²","CHF 2'575.–","","","CHF 2'575.–","","","","","Zürcherstrasse 54, 8406 Winterthur","","","","","Attraktive Wohnung nähe Stadtzentrum","","","","","Per 01.12.2026 vermieten wir diese schöne 3.5-Zimmerwohnung in in Winterthur.Die Wohnung bietet Ihnen folgende Annehmlichkeiten: - Wohn- und Schlafzimmer mit Parkettboden- Küche und Nasszellen mit pflegeleichtem Plattenboden- Grosszügiger Wohn- und Essbereich mit Zugang zur Loggia- Offene Küche mit Glaskeramikherd, Backofen, Geschirrspüler und viel Stauraum für Ihre Küchenutensilien- Badezimmer mit WC, Lavabo, Spiegelschrank, Badewanne, Dusche und eigenem Waschturm (Waschmaschine/Trockner)- Separates WC mit Lavabo und Spiegelschrank- Loggia, welche zum Verweilen einlädt- Eigenes Kellerabteil- Waschküche und Trockenraum zur Mitbenutzung- Lift vorhanden- Veloraum zur Mitbenutzung Die Haustierhaltung ist in dieser Liegenschaft erlaubt. Nach Verfügbarkeit kann ein Einstellplatz für CHF 140.00 pro Monat dazu gemietet werden. Umgebung: - Diverse Einkaufsmöglichkeiten befinden sich in unmittelbarer Nähe- Für den kleinen und grossen Hunger gibt es diverse Restaurants in der nahen Umgebung- Der Hauptbahnhof Winterthur ist nur wenige Busstationen entfernt Bitte beachten Sie, dass die Bilder als Referenzbilder dienen und vom Original abweichen können.Weitere Informationen finden Sie unter: https://obereschoentalstrasse-zuercherstrasse-winterthur.privera.ch Haben wir Ihr Interesse geweckt? Für einen Besichtigungstermin kontaktieren Sie uns bitte schriftlich über das Kontaktformular. Wir freuen uns auf Ihre Anfrage.","","","",""
"1789666064-47","https://www.immoscout24.ch/de/wohnung/mieten/ort-winterthur?pn=3","2.5 Zimmer","80m²","CHF 2'030.–","","","CHF 2'030.–","","","","","Obere Schöntalstrasse 48, 8406 Winterthur","","","","","Modernes und zentrales Wohnen","","","","","Per 01.12.2026 vermieten wir diese wunderschöne und top moderne 2.5-Zimmerwohnung in Winterthur.Die Wohnung bietet Ihnen folgenden Ausbaustandard: - Wohn- und Schlafzimmer mit Parkettboden - Küche und Nasszellen mit dunklem, pflegeleichtem Plattenboden - Offene Küche mit Glaskeramikherd, Backofen auf Sichthöhe, Geschirrspüler und viel Stauraum für Ihre Küchenutensilien - Modernes Badezimmer mit WC, Lavabo, Spiegelschrank, Dusche, Badewanne und eigenem Waschturm (Waschmaschine und Tumbler) - Separates Gästebad mit WC, Lavabo, Spiegel und Dusche - Gemütliche Loggia, welche zum Verweilen einlädt - Eigenes Kellerabteil - Lift vorhandenDie Haustierhaltung ist in dieser Liegenschaft erlaubt.Nach Verfügbarkeit kann ein Einstellplatz für CHF 140.00 pro Monat dazu gemietet werden.Umgebung: - Die Liegenschaft ist gut mit den öffentlichen Verkehrsmitteln erreichbar - Der Hauptbahnhof Winterthur ist nur wenige Busstationen entfernt - Auch der Autobahnanschluss ist in kurzer Fahrdistanz erreichbar - Gegenüber der Liegenschaft befindet sich das Einkaufszentrum Lokwerk mit diversen GeschäftenBitte beachten Sie, dass die Bilder als Referenzbilder dienen und vom Original abweichen können.Haben wir Ihr Interesse geweckt? Für einen Besichtigungstermin kontaktieren Sie uns bitte schriftlich über das Kontaktformular. Wir freuen uns auf Ihre Anfrage.","","","",""
"1789666064-48","https://www.immoscout24.ch/de/wohnung/mieten/ort-winterthur?pn=3","2.5 Zimmer","78m²","CHF 2'140.–","","","CHF 2'140.–","","","","","Else-Züblin-Strasse 92, 8404 Winterthur","","","","","Suchen Sie eine trendige Wohnung?","","","","","LageMit dem Eulachpark liegt der grösste Winterthurer Park direkt vor den Füssen Ihres neuen Zuhauses und lädt zum Verweilen ein. Hier wohnen Sie in einem aufstrebenden Quartier mit einer familienfreundlichen Infrastruktur, kurzen Gehdistanzen zu Schulen und dem Naherholungsgebiet.Die Buslinie Nr. 14 fährt in unmittelbarer Nähe der Überbauung im Viertelstundentakt zum Bahnhof Winterthur. Mit den ÖV erreichen Sie in 30 Minuten Zürich, 20 Minuten den Flughafen, rund 30 Minuten Schaffhausen und in 45 Minuten St. Gallen.Ein Rundgang durch die WohnungDer grosszügige Grundriss dieser Wohnung lässt Ihnen die Freiheit, sich auf ca. 78 m2 individuell einzurichten und Ihren Wohntraum zu leben. Dank der durchdachten Raumaufteilung verfügt die Wohnung über geräumige Zimmer, welche auch viel Raum für Individualität bieten. Nicht zu vergessen ist die die helle und grosszügige Wohnküche, welche das Herz jedes Hobby-Kochs höher schlagen lässt sowie der helle Parkettboden der für eine ausgesuchte Wohnatmosphäre sorgt. Zudem bietet Ihnen Ihr neues Zuhause noch folgende Vorzüge:- Wohnzimmer mit Zutritt zur Loggia- Grosse Wohnküche- Zimmer mit Zutritt zur Loggia- Badezimmer mit Badewanne und WC- Eingangsbereich mit Garderobe und Wandschränken- Reduit mit Waschturm- Heller Parkettboden- Lift bis zur TiefgarageDetailsEin Einstellplatz in der Tiefgarage kann auf Wunsch dazu gemietet werden.Anschreiben. Besichtigen. Mieten.Möchten Sie Ihrer Familie mehr Raum gönnen und in einem Trendquartier wohnen? Dann freuen wir uns auf Ihre Kontaktaufnahme!Als Mieter profitieren Sie von 40% Rabatt auf Ihre erste Jahresprämie für ausgewählte Helvetia Versicherungsprodukte!Bei den publizierten Bildern handelt es sich um typenähnliche/typengleiche Wohnungen. Abweichungen zum effektiven Angebot sind deshalb möglich.Weitere interessante Mietobjekte finden Sie unter: www.helvetia.ch/miete","","","",""
"1789666064-49","https://www.immoscout24.ch/de/wohnung/mieten/ort-winterthur?pn=3","5.5 Zimmer","117m²","CHF 3'550.–","","","CHF 3'550.–","","","","","Hörnlistrasse 24, 8400 Winterthur","","","","","Totalsanierte 5.5-Zimmer Dachwohnung mit Balkon in Winterthur","","","","","Willkommen in dieser frisch renovierten 5.5-Zimmer Maisonette Dachwohnung im 3.+4.OG dieses modernen Mehrfamilienhauses an der Hörnlistrasse 24 in Winterthur. Das Gebäude mit seiner ansprechenden Fassade, schwarzen Fenstern und Balkonen ist von einem gepflegten Garten mit Wegen und Grünflächen sowie einem Spielplatz umgeben – ein echtes Zuhause zum Wohlfühlen.Das Gebäude umfasst 1-/2-/2.5-/3.5-/5.5-Zimmerwohnungen.Die Wohnungen sind ab dem 1. Oktober 2026 verfügbar und wurde umfassend saniert.Die Wohnungen bieten unter anderem: • Balkon: Geniessen Sie die sonnigen Sommertage auf Ihrem eigenen Balkon. • Lift: Bequemer Zugang zu allen Stockwerken. • Rollstuhlgängig: Die Wohnung ist barrierefrei zugänglich. • Parkplatz: Ein Parkplatz kann dazu gemietet werden. • Waschmaschine &amp; Geschirrspüler: Praktische Haushaltsgeräte inklusive. • Ruhige Lage: Die Wohnung ist angenehm ruhig – ideal zum Entspannen. • Kinderfreundlich: Perfekt für Familien mit Kindern. • Charme: Einzigartiger Charme Dank den Dachschrägen und die Verteilung auf zwei Etagen. Lage &amp; Umgebung: Die Wohnung liegt in einer sonnigen und ruhigen Wohnlage in Winterthur. Die Bushaltestelle Depot ist in nur 3 Gehminuten erreichbar, der Bahnhof Winterthur Grüze in rund 14 Minuten zu Fuss. Für den täglichen Bedarf sorgt ein Migros-Supermarkt in 5 Gehminuten. Familien schätzen die Nähe zur Primarschule Gutschick, ebenfalls nur 5 Gehminuten entfernt.Diese gepflegten Wohnungen vereinen einen modernen Wohnkomfort mit einer hervorragenden Infrastruktur an ruhiger Lage.Eine ideale Wahl für Paare, Einzelpersonen oder kleine Familien, die das Beste aus dem Stadtleben in Winterthur geniessen möchten.Die Fotos sind von den unterschiedlichen Wohnungen im Gebäude und sollen den Ausbaustandart darstellen.","","","",""
"1789666064-50","https://www.immoscout24.ch/de/wohnung/mieten/ort-winterthur?pn=3","4.5 Zimmer","106m²","CHF 2'720.–","","","CHF 2'720.–","","","","","Else-Züblin-Strasse 97, 8404 Winterthur","","","","","4.5-Zimmerwohnung mit Balkon in Winterthur","","","","","In dieser, im Jahr 2007 erstellten, ersten Null-Energie Wohnüberbauung der Schweiz vermieten wir eine moderne 4.5-Zimmer-Wohnungen mit Balkon im 3. OG.Alle Wohnräume sind mit schönem Eichenparkett ausgelegt. Die offene Küche mit grauen Steinplatten verfügt über einen Geschirrspüler und Glaskeramikherd. Zwei Badezimmer mit Badewanne und WC und separater Dusche und WC. Der grosszügige Wohn- und Essbereich lädt zum Verweilen ein. Zusätzlichen Stauraum bietet das praktische Reduit mit eigener Waschmaschine/Tumbler.Einstellhallenplätze können in der hauseigenen Tiefgarage dazu gemietet werden.**Diese Bilder zeigen ein Referenzobjekt**","","","",""
"1789666064-51","https://www.immoscout24.ch/de/wohnung/mieten/ort-winterthur?pn=3","4.5 Zimmer","102m²","CHF 3'020.–","","","CHF 3'020.–","","","","","Solarstrasse 7, 8404 Winterthur","","","","","Ihr perfekter Rückzugsort!","","","","","Wir vermieten diese attraktive 4.5-Zimmerwohnung. Die hochwertig ausgebaute Mietwohnung wurde erst per November 2021 fertiggestellt. Sie begrüsst neue Mieter mit Architektur auf der Höhe der Zeit. Das Objekt bietet Ihnen nebst dem ansprechenden Grundriss folgenden Ausbaustandard:- Wohn- und Schlafzimmer mit Anhydritboden - offene Küche mit Geschirrspüler und Glaskeramikherd- Dusche/WC mit eigenem Waschturm- separates WC- Wintergarten- Einbaugarderobe- Kellerabteil- Lift- VeloraumEs handelt sich um Musterbilder, die den Ausbaustandard zeigen. Die genaue Raumaufteilung entnehmen Sie bitte dem Grundrissplan.Ein Einstellplatz kann bei Bedarf und Verfügbarkeit für CHF 154.00 pro Monat dazu gemietet werden.Öffentliche Verkehrsmittel stehen Ihnen vielzählig zur Verfügung und bringen Sie innert kurzer Zeit nach Winterthur. Von hier aus haben Sie umfassende Zugverbindungen in alle Richtungen, was Ihnen eine hervorragende Mobilität und Flexibilität für Ihre täglichen Unternehmungen bietet.Zudem finden Sie eine Grosszahl an Einkaufsmöglichkeiten und Dienstleistern für den täglichen Bedarf in der näheren Umgebung.Haben wir Ihr Interesse geweckt?Dann kontaktieren Sie uns direkt im Onlineinserat über ""Anbieter kontaktieren"". Sie erhalten anschliessend eine automatisierte E-Mail mit den Besichtigungsinformationen sowie der Möglichkeit, sich digital auf die Wohnung zu bewerben und/oder uns allfällige Fragen zu stellen.Wir freuen uns auf Ihre digitale Bewerbung nach der Besichtigung.","","","",""
"1789666064-52","https://www.immoscout24.ch/de/wohnung/mieten/ort-winterthur?pn=3","2.5 Zimmer","78m²","CHF 2'480.–","","","CHF 2'480.–","","","","","Marktgasse 31, 33, 8400 Winterthur","","","","","Neue 2.5-Zimmerwohnung im Herzen Winterthur's","","","","","Per sofort oder nach Vereinbarung vermieten wir diese neu sanierte 2.5-Zimmerwohnung Wohnung im Herzen von Winterthur.Die attraktive Wohnung überzeugt durch ihren modernen Ausbaustandard, helle Räumlichkeiten sowie eine zentrale und dennoch angenehme Wohnlage.Die Wohnung bietet Ihnen unter anderem: • Moderne Küche mit zeitgemässen Geräten wie einem Steamer, einem Glaskeramikkochfeld mit Induktion sowie einem Geschirrspüler. • Zimmer mit Netzwerkdosen. Glasfaser-Steckdose im Reduit vorhanden, ideal für schnelle und stabile Internetverbindungen im gesamten Wohnbereich. • Helles Wohn- und Esszimmer • Modernes Badezimmer inkl. eigenen Waschmaschine und Tumber im Reduit • Hochwertiger Parkettboden • Zentrale Lage mit optimaler Anbindung an den öffentlichen Verkehr Einkaufsmöglichkeiten, Restaurants, öffentliche Verkehrsmittel und weitere Dienstleistungen befinden sich in in Gehdistanz.Die ideale Wohnung für Einzelpersonen, Paare oder kleine Familien, die zentrales Wohnen in Winterthur schätzen.Haben wir Ihr Interesse geweckt? Wir freuen uns auf Ihre Kontaktanfrage!Hinweis zu den Visualisierungen:Die dargestellten Visualisierungen und Ansichten dienen der Illustration und können von der tatsächlichen Ausführung abweichen. Sie zeigen teilweise möblierte Beispielwohnungen und sind unverbindlich.","","","",""
"1789666064-53","https://www.immoscout24.ch/de/wohnung/mieten/ort-winterthur?pn=3","3.5 Zimmer","70m²","CHF 2'430.–","","","CHF 2'430.–","","","","","Frauenfelderstrasse 28, 8404 Winterthur","","","","","Umfassend saniert für mehr Wohnqualität  ""Feliva"", Ihr neues Zuhause","","","","","An der Frauenfelderstrasse 2430 entstehen direkt gegenüber dem SBB-Bahnhof Oberwinterthur 25 modernisierte Mietwohnungen. Die Wohnungen werden umfassend saniert und auf die heutigen Wohnbedürfnisse sowie technischen Standards abgestimmt. - Küche mit Induktionskochfeld und Combi-Steamer von Electrolux- Küche und Nasszellen mit Boden aus Keramikplatten- Alle Wohn- und Schlafzimmer sind mit einem Parkett (Eiche) versehen- Grosszügige Badezimmer mit Dusche- Eigener Waschturm (V-ZUG)- Balkon / Loggia- Eigenes Kellerabteil für jede Wohnung- Parkplätze oder Einzelgaragen können dazu gemietet werden Die Lage bietet ideale Anbindung: Einkaufsmöglichkeiten, Restaurants, Cafés und Freizeiteinrichtungen sind in wenigen Minuten zu Fuss erreichbar. Schulen, Kindergärten und Sportangebote befinden sich in unmittelbarer Nähe, und die Winterthurer Innenstadt ist schnell erreichbar. Perfekt für alle, die Leben in der Stadt mit hoher Lebensqualität verbinden möchten. Sie sind neugierig und wünschen weitere Informationen? Gerne finden Sie alle relevanten Details auf unserer Projektwebseite: www.feliva-winterthur.ch. Wir freuen uns auf Ihre Kontaktaufnahme! Privera Vermarktungsteam Die aufgeführten Impressionen (Visualisierungen und Fotos ) sind urheberrechtlich geschützt und dürfen nicht von Dritten verwendet werden. Die Impressionen zeigen lediglich den Ausbaustandart. Andere Wohnungstypen können von diesen Impressionen abweichen.","","","",""
"1789666064-54","https://www.immoscout24.ch/de/wohnung/mieten/ort-winterthur?pn=3","3.5 Zimmer","CHF 4'200.–","","","","CHF 4'200.–","","","","","Löwenstrasse 16, 8400 Winterthur","","","","","Exklusive 3.5-Zimmer-Gartenwohnung - Historischer Charme trifft modernen Wohnluxus","","","","","In einem denkmalgeschützten Haus an zentraler Lage in Winterthur-Veltheim vermieten wir eine hochwertige 3.5-Zimmer-Gartenwohnung mit 3.5 m hohen Decken. Die Wohnung wurde erst Ende 2025 total saniert und präsentiert sich in einem neuwertigen Zustand.Die Wohnung kombiniert Altbaucharme mit modernem Wohnkomfort, inklusive Designküche mit Kochinsel und Quooker, grosszügigen Zimmern, vielen Einbauschränken und einem privaten Untergeschoss mit Gäste-WC und Waschküche.Highlights auf einen Blick: • 3.5-Zimmer-Gartenwohnung • Raumhöhe 3.5 m • Designküche mit Kochinsel und Quooker • Eigenes Untergeschoss mit Gäste-WC, Waschküche &amp; Stauraum • Grosser Sitzplatz mit Platanen (ca. 80 m²) • Ruhige, zentrale Lage in Winterthur-Veltheim • Haustiere erlaubt • Gemeinschaftlicher Veloraum • 1 - 2 Aussenparkplätze verfügbar, à CHF 80.-/Mt. • Zusätzlicher Kellerraum verfügbar, à CHF 80.-/Mt. • Nur 4 Wohneinheiten im Haus • Angenehme, ruhige Mieterschaft Mietzins: CHF 3'900.- netto + CHF 300.- NKBezug: 1. Dezember 2026 oder nach VereinbarungWeitere Details und den Grundriss finden Sie in der angefügten Dokumentation.Falls Sie die einmalige Wohnung besichtigen möchten oder weitere Fragen haben, freut sich Frau Judith Bangerter auf Ihre Kontaktaufnahme: 079 750 72 02. Bitte beachten Sie, dass Besichtigungen ausschliesslich telefonisch vereinbart werden.","","","",""
"1789666064-55","https://www.immoscout24.ch/de/wohnung/mieten/ort-winterthur?pn=3","5.5 Zimmer","192m²","CHF 5'871.–","","","CHF 5'871.–","","","","","Palmstr. 27, 8400 Winterthur","","","","","Wohnen im Park! Mieten ohne Kaution","","","","","Exklusiv wohnen...- elektr. Storen- Komfortlüftung- ganze Wohnung Parkett- raumhohe Fenster- gehobener Ausbaustandard- Küche mit Kochinsel und Steamer- Bad/WC mit Badewanne und Dusche- eingebaute Garderobe- eigene Waschmaschine und Tumbler- Terrasse 95m2- Einstellplätze à CHF 160.00 vorhandenDie Bilder zeigen den Standard der Liegenschaft und entsprechen nicht immer der angebotenen Wohnung.","","","",""
"1789666064-56","https://www.immoscout24.ch/de/wohnung/mieten/ort-winterthur?pn=3","4.5 Zimmer","118m²","CHF 2'490.–","","","CHF 2'490.–","","","","","Tösstalstrasse 146, 8400 Winterthur","","","","","Ihr neues Zuhause wartet - Stilvoll renoviert mit Wohlfühlambiente","","","","","Wir suchen eine neue Mieterschaft für diese 4.5-Zimmerwohnung. Neben dem ansprechenden Grundriss bietet Ihnen das Wohnobjekt folgenden Annehmlichkeiten:- Wohn- und Schlafzimmer mit Parkettboden- geschlossene Küche mit Fenster- mit Geschirrspüler- und Glaskeramikherd - Bad/WC- Dusche/WC- grosszügiger Balkon- Bodenheizung- Kellerabteil- gemeinsame Waschküche im UntergeschossBei den Bildern handelt es sich um Musterfotos, welche den Ausbaustandard veranschaulichen. Die genaue Raumaufteilung können Sie dem angefügten Grundriss entnehmen.Bei Bedarf und Verfügbarkeit kann ein Einstellplatz für CHF 140.00 pro Monat dazu gemietet werden. Das Erholungsgebiet liegt in unmittelbarer Nähe. Ebenso die Haltestelle Waldegg. Von dort bringt Sie der Bus Nr. 2 auf direktem Weg zum Bahnhof Winterthur. Von hier aus haben Sie umfassende Zugverbindungen in alle Richtungen, was Ihnen eine hervorragende Mobilität und Flexibilität für Ihre täglichen Unternehmungen bietet.Einkaufsmöglichkeiten, wie zum Beispiel ein Spar, befinden sich in unmittelbarer Nähe. Weitere Dienstleister sowie diverse Restaurants finden Sie ebenfalls in der Umgebung.Haben wir Ihr Interesse geweckt? Dann kontaktieren Sie uns direkt im Onlineinserat über ""Anbieter kontaktieren"". Sie erhalten anschliessend eine automatisierte E-Mail mit den Besichtigungsinformationen sowie der Möglichkeit, sich digital auf die Wohnung zu bewerben und/oder uns allfällige Fragen zu stellen.Wir freuen uns auf Ihre digitale Bewerbung nach der Besichtigung.","","","",""
"1789666064-57","https://www.immoscout24.ch/de/wohnung/mieten/ort-winterthur?pn=3","3.5 Zimmer","89m²","CHF 3'400.–","","","CHF 3'400.–","","","","","Konradstrasse 15b, 8400 Winterthur","","","","","Erstbezug - Ihr neues Zuhause mit grosszügigen Aussenflächen","","","","","Wir vermieten an der Konradstrasse 15 in Winterthur eine attraktive 3.5-Zimmerwohnung mit grosszügigen Aussenflächen.Die Wohnung 15b-001 im Erdgeschoss überzeugt mit einem durchdachten Grundriss, einem grosszügigen Wohn- und Essbereich, zwei Schlafzimmern sowie Aussenflächen mit insgesamt 69 m². Hochwertige Materialien und ein moderner Innenausbau schaffen ein stilvolles Wohnambiente mit besonderem Charakter.Die zentrale Lage nahe Einkaufsmöglichkeiten, Gastronomie und dem Hauptbahnhof Winterthur bietet urbanes Wohnen mit hoher Lebensqualität.Highlights auf einen Blick • Hochwertige Küche mit Electrolux-Geräten (Induktionskochfeld, Kombisteamer und Geschirrspüler) • Eichen-Klötzliparkett im Wohn- und Schlafzimmern • Modernes Badezimmer mit fugenlosem Polyurethanboden • Fussbodenheizung • 3-fach-Isolierverglasung • Elektrische Sonnen- und Sichtschutzsysteme • Video-Gegensprechanlage • Lift vorhanden • Kellerabteil • Fernwärmeanschluss Auf Wunsch können Einstellplätze oder Motorradplätze in der Tiefgarage dazu gemietet werden.Weitere Informationen zum Projekt, das gesamte Wohnungsangebot, verfügbare Besichtigungstermine sowie die Möglichkeit zur direkten Einreichung Ihrer Bewerbung finden Sie unter: www.k15-winterthur.ch.","","","",""
"1789666064-58","https://www.immoscout24.ch/de/wohnung/mieten/ort-winterthur?pn=3","1 Zimmer","63m²","CHF 1'860.–","","","CHF 1'860.–","","","","","Ida-Sträuli-Strasse 43, 8404 Winterthur","","","","","1-Zimmerwohnung - Ihr zukünftiges Zuhause in Winterthur","","","","","Willkommen bei sue&amp;tilTauchen Sie ein, denn hier erwartet Sie eine spritzige, inspirierende und innovative Wohnoase, welche auch Ihr Herz höher schlagen lässt!Wir sind die neue Siedlung im modernen Winterthurer Quartier Neuhegi mit Parks und allem, was es für ein aktives Leben braucht. sue&amp;til legt grossen Wert darauf, Ihnen zahlreiche Highlights und Annehmlichkeiten zu bieten. Sie können sicher sein, dass sue&amp;til Ihnen nicht nur alle Ihre Wünsche an Ihr neues Zuhause erfüllt, sondern viel mehr bietet.Nach Vereinbarung vermieten wir diese idyllische Wohnung mit folgender Ausstattung:- Offen gestalteter Grundriss für die grosszügige Atmosphäre- Hochwertige Eichenparkettböden für den edlen Touch in den Wohnräumen- Hochwertiges Bad/WC mit Feinsteinzeugplatten als persönliche Wellnessoase- Offene Küche mit Natursteinabdeckung, Glaskeramikherd und Geschirrspüler, welche Ihre Lust zum Kochen weckt- Komfort-Wohnungslüftung mit individueller Steuerung für ein behagliches Wohngefühl- Waschmaschine und Tumbler in der Wohnung zur Erleichterung Ihren Alltags- Kellerabteil als zusätzlichen StauraumDie Bilder stammen von einer Typähnlich Wohnung.Im Neuhegi leben Sie in einem eigenständigen, vielseitigen Arbeits- und Lebensraum, welcher Ihnen eine erstklassige Lebensqualität schenkt. sue&amp;til ist über sämtliche Verkehrsmittel hervorragend mit der Altstadt und dem Hauptbahnhof von Winterthur und den grösseren Städten der Schweiz verbunden. Ob mit Ihrem Auto oder den ÖV, verschiedenste Möglichkeiten können ausgewählt werden, ganz individuell nach Ihren persönlichen Bedürfnissen. sue&amp;til passt für Singles, Paare und Familien - und sogar für Sie und Ihre Freunde, die zusammen eine Wohngemeinschaft gründen wollen. Wir freuen uns auf Sie - Ihr sue&amp;til.","","","",""
"1789666064-59","https://www.immoscout24.ch/de/wohnung/mieten/ort-winterthur?pn=3","3.5 Zimmer","77m²","CHF 2'010.–","","","CHF 2'010.–","","","","","Weberstrasse 91, 8400 Winterthur","","","","","3.5 Zimmer Wohnung im Erdgeschoss","","","","","BESICHTIGUNGEN, FRAGEN UND BEWERBUNGEN ÜBER:https://robinreal.ai/suchen/6a91649e02482f74bb5d58ccWir bieten eine moderne und geräumige 3.5 Zimmer Wohnung im Erdgeschoss an der Weberstrasse 91 in Winterthur an. Mit einer Fläche von 77 m² besticht diese Wohnung durch ihre praktische Raumaufteilung und helle, freundliche Räume. Die Lage an der Weberstrasse ist ausgezeichnet. Sie befinden sich in einem beliebten Wohnquartier mit unmittelbarer Nähe zu Schulen, Läden und Restaurants. Der Altstadt von Winterthur sind Sie schnell zu Fuss erreichbar, wo Sie zahlreiche Museen, Cafés und kulturelle Angebote finden. Die Anfahrt mit öffentlichen Verkehrsmitteln ist optimal - mehrere Buslinien und die Bahnstation Winterthur sind in der Nähe. Auch für Naturliebhaber ist die Gegend perfekt: Parks und Grünanlagen laden zu Spaziergängen ein, und die Eulach fliesst ganz in der Nähe vorbei.Diese Wohnung ist der ideale Ort für alle, die ein ruhiges Zuhause in zentraler Lage suchen.Kaution erforderlich: JaKautionshöhe: CHF 6030","","","",""
"1789666064-60","https://www.immoscout24.ch/de/wohnung/mieten/ort-winterthur?pn=3","2.5 Zimmer","74m²","CHF 2'420.–","","","CHF 2'420.–","","","","","Eichgutstr. 14, 8400 Winterthur","","","","","Modernes Wohnen, mitten in der schönen Stadt Winterthur","","","","","Diese schöne Wohnung liegt im Zentrum von Winterthur und ist mit jeglichem Komfort ausgestattet. Sie wird vor Neubezug frisch gestrichen und der Parkettboden wird komplett erneuert. Es erwartet Sie eine moderne und offene Küche, ein Badezimmer sowie ein sep. WC mit eigenem Waschturm. Die raumhohen Fenster runden das spezielle Konzept dieser Liegenschaft ab. Auf dem Sitzplatz können Sie sonnige Stunden geniessen. Zur Liegenschaft gehört eine grosszügige Dachterrasse zur Mitbenützung.Könnte das Ihr neues zu Hause sein? Dann freut sich die jetzige Mieterschaft, Ihnen die Wohnung zeigen zu dürfen.Achtung: Bei den Bildern handelt es sich um Musterfotos einer typähnlichen Wohnung.","","","",""
"1789666068-61","https://www.immoscout24.ch/de/wohnung/mieten/ort-winterthur?pn=2","4.5 Zimmer","151m²","CHF 2'720.–","","","CHF 2'720.–","","","","","Bollstr. 16, 8405 Winterthur","","","","","Exklusive Wohnung auf 2 Etagen ""Mieten ohne Kaution""","","","","","2.OG****- Wohnbereich Parkett- Eltern-/Kinderzimmer Linoleum- offene Küche mit GK/GS- angrenzender Essbereich- Bad/WC mit Doppellavabo und Fenster- Gäste-WC- grosszügige Wandschränke- Balkon3.OG****- Kinderzimmer Linoleum - kleine Terrasse- Dusche/WC- GalerieEinstellplatz CHF 120.00 vorhandenDie Bilder zeigen den Standard der Liegenschaft und entsprechen nicht immer der angebotenen Wohnung.","","","",""
"1789666068-62","https://www.immoscout24.ch/de/wohnung/mieten/ort-winterthur?pn=2","3 Zimmer","93m²","CHF 2'580.–","","","CHF 2'580.–","","","","","Claisstr. 9, 8408 Winterthur","","","","","Ihre eigenen vier Wände zum Wohlfühlen","","","","","Nach Vereinbarung vermieten wir diese helle, moderne und ruhige Wohnung in Winterthur Wülflingen: - Helle Wohnung mit toller Raumaufteilung- Wandschrank im Korridor für mehr Platz - Offene Küche mit Geschirrspüler und Glaskeramik - Wohnzimmer, Küche, Korridor und Nasszellen mit Plattenböden- Schlafzimmer mit Parkettböden - Badezimmer mit Doppeltlavabo- Separate Dusche/WC- Sonniger und gemütlicher Balkon - Gute ÖV-Anbindungen - Einkaufmöglichkeiten in der Nähe Die Bilder zeigen den Standard der Liegenschaft und entsprechen nicht immer der angebotenen Wohnung.Haben wir Ihr Interesse geweckt? Für einen Besichtigungstermin, Bewerbungslink sowie weitere Informationen senden Sie uns eine Nachricht via Kontaktformular. Sie erhalten anschliessend eine automatische Nachricht mit den erwähnten Informationen. Wir freuen uns auf Ihre Kontaktaufnahme!","","","",""
"1789666068-63","https://www.immoscout24.ch/de/wohnung/mieten/ort-winterthur?pn=2","3.5 Zimmer","90m²","CHF 2'090.–","","","CHF 2'090.–","","","","","Talackerstr. 55, 8404 Winterthur","","","","","Grosszügige, moderne 3.5 Zimmer-Wohnung ""Mieten ohne Kaution""","","","","","In Oberwinterthur ""Unters Bühl"" vermieten wir diese schöne 3.5 Zimmerwohnung. Profitieren Sie von folgenden Vorzügen:- Schöne, helle Küche mit GK und GS- Helles Badezimmer mit Badewanne und Fenster- Sep. WC mit Lavabo- Küche und Badezimmer: Keramik-Platten (Anthrazit)- Wohn- und Schlafzimmer mit Parkettboden- Praktische Wandschränke im Korridor- Reduit- Kellerabteil- Balkon- LiftDie neuen Spielplatz- und Grillanlagen in der Liegenschaft laden zum Verweilen ein. Schule, Kindergarten und Einkaufsmöglichkeiten befinden sich in unmittelbarer Nähe und sind in wenigen Gehminuten zu erreichen. Die Überbauung befindet sich ausserdem an guter Verkehrsanbindung.- Einstellplätze à CHF 120.-/Monat vorhandenUmfassende Sanierung (Küche, Bad etc.) startet im Jahr 2027. Weitere Informationen finden Sie unter: https://www.unteresbuehl-winterthur.ch/sanierung(Die Fotos entsprechen dem Standard)","","","",""
"1789666068-64","https://www.immoscout24.ch/de/wohnung/mieten/ort-winterthur?pn=2","3.5 Zimmer","108m²","CHF 2'950.–","","","CHF 2'950.–","","","","","Else-Züblin-Strasse 100, 8404 Winterthur","","","","","Moderne 3.5 Zimmer-Wohnung","","","","","LageDas Trendquartier Neuhegi steht für eine familienfreundliche Infrastruktur, kurze Gehdistanzen zu Schulen und einem vor der Türe gelegenen Naherholungsgebiet. Zudem befindet sich auch die International School in Winterthur.Der nah gelegene Eulachpark bietet für jeden etwas, sei es für Spiel, Bewegung, Spaziergänge, Picknicks oder einfach nur um zu entspannen.Die Buslinie Nr. 7 fährt in unmittelbarer Nähe der Überbauung im Viertelstundentakt zum Bahnhof Winterthur. Mit den ÖV erreichen Sie in 30 Minuten Zürich, 20 Minuten den Flughafen, rund 30 Minuten Schaffhausen und in 45 Minuten St. Gallen.Ein Rundgang durch die WohnungDank des 108m2 grossen, durchdachten Grundrisses, finden Sie und Ihre Familie genügend Freiheiten, sich individuell einzurichten und persönliche Rückzugsmöglichkeiten zu schaffen. Zudem verfügt die Wohnung über eine intelligente Raumaufteilung mit geräumigen Zimmer und viel Stauraum. Ein Highlight sind die Loggien, welche zum Verweilen einladen und für ein helles, lichtdurchflutetes Wohnklima sorgen. Weiter bietet Ihnen diese Familienwohnung folgende Vorzüge:- Grosszügige Wohnküche mit Zugang zu den Loggien- 2 Zimmer mit Zugang zur Loggia- 2 Loggien- Badezimmer mit WC und Badewanne- Badezimmer mit Dusche- Garderobe und Wandschränken- Reduit mit Waschturm- Lift bis in die TiefgarageDetailsEin Einstellplatz in der Tiefgarage kann auf Wunsch dazu gemietet werden.Anschreiben. Besichtigen. Mieten.Möchten Sie Ihrer Familie mehr Raum gönnen und in einem Trendquartier wohnen? Dann freuen wir uns auf Ihre Kontaktaufnahme!Als Mieter profitieren Sie von 40% Rabatt auf Ihre erste Jahresprämie für ausgewählte Helvetia Versicherungsprodukte!Bei den publizierten Bildern handelt es sich um typenähnliche/typengleiche Wohnungen. Abweichungen zum effektiven Angebot sind deshalb möglich.Weitere interessante Mietobjekte finden Sie unter: www.helvetia.ch/miete","","","",""
"1789666068-65","https://www.immoscout24.ch/de/wohnung/mieten/ort-winterthur?pn=2","62m²","CHF 1'575.–","","","","CHF 1'575.–","","","","","Scheideggstrasse 14, 8400 Winterthur","","","","","3 Zimmer-Wohnung in Stadtnähe","","","","","3 Zimmer-Wohnung in Stadtnähe Diese ruhige 3 Zimmer-Wohnung im 1. Stock befindet sich an der Scheideggstrasse 14 in Winterthur. 62 m2 laden zum Wohnen und Geniessen ein.Profitieren Sie von den folgenden Vorzügen dieser Wohnung: • Geschlossene Küche mit Fenster • Küche und Nasszelle mit Plattenboden • Wohnzimmer mit hellem Parkett • Zimmer mit Parkett • Wandschränke im Korridor • Balkon • Eigenes Kellerabteil • Waschmaschine und Trocknerraum im Untergeschoss zur Mitbenützung • Lift Bei den Fotos, der virtuellen Tour sowie dem Grundriss handelt es sich um eine ähnliche Wohnung in derselben Liegenschaft.Haben wir Ihr Interesse geweckt? Dann freut sich Silvia Loosli auf Ihre Kontaktaufnahme unter 071 388 90 74 / silvia.loosli@ibsg.ch.","","","",""
"1789666068-66","https://www.immoscout24.ch/de/wohnung/mieten/ort-winterthur?pn=2","4.5 Zimmer","122m²","CHF 3'190.–","","","CHF 3'190.–","","","","","Etzbergstrasse 27F, 8405 Winterthur","","","","","schöne Maisonette-Wohnung an tollem Standort","","","","","Willkommen in dieser grosszügigen und modernen 4.5-Zimmer-Maisonette-Wohnung an der Etzbergstrasse 27F in Winterthur. Die Wohnung erstreckt sich über zwei Etagen mit einer Wohnfläche von 122 m² und bietet höchsten Wohnkomfort in ruhiger Lage.Die Wohnung bietet unter anderem: • 4.5 Zimmer auf zwei Etagen mit viel Platz und Flexibilität • 2 Badezimmer für maximalen Komfort • Offener Wohn- und Küchenbereich mit moderner Kücheninsel • schöner Balkon mit Sicht ins Grüne • schöne dunkle Parkettböden werden vor Einzug abgeschliffen und neu versiegelt • eigener Waschtrum in der Wohnung • Stauraum Kellerabteil im UG Lage und Infrastruktur: Die Wohnung liegt am Waldrand ca. 5 Minuten vom Vitaparcour. Die Bushaltestelle Seen ist in nur 7 Minuten zu Fuss erreichbar, der Bahnhof Winterthur Seen in 8 Minuten mit guten Zugverbindungen Richtung Winterthur und Zürich. Für den täglichen Bedarf befinden verschiedene Einkaufsmöglichkeiten wie Migros, Aldi, Apotheke etc. in Gehdinstanz. Familien schätzen die Nähe zur Schule Tägelmoos, die ebenfalls nur 7 Minuten zu Fuss entfernt liegt.","","","",""
"1789666068-67","https://www.immoscout24.ch/de/wohnung/mieten/ort-winterthur?pn=2","2.5 Zimmer","58m²","CHF 1'845.–","","","CHF 1'845.–","","","","","Sulzeral. 51, 8404 Winterthur","","","","","Ob gemeinsam oder allein 2.5 Zimmer-Wohung im ROY Winterthur","","","","","Sind Sie auf der Suche nach einem neuen, modernen zu Hause? Bei uns finden Sie garantiert die perfekte Wohnung, welche Ihren Vorstellungen entspricht.Lassen Sie sich vom hochwertigen Ausbaustandard überzeugen und vereinbaren Sie noch heute einen individuellen Besichtigungstermin.Alle Informationen finden Sie auf unserer Objekthomepage https://www.roy-winterthur.chDie Bilder entsprechen dem Standard einer typähnlichen Musterwohnung. Abweichungen sind möglich.Haben wir Ihr Interesse geweckt? Für einen Besichtigungstermin, Bewerbungslink sowie weitere Informationen senden Sie uns eine Nachricht via Kontaktformular. Sie erhalten anschliessend eine automatische Nachricht mit den erwähnten Informationen. Wir freuen uns auf Ihre Kontaktaufnahme!","","","",""
"1789666068-68","https://www.immoscout24.ch/de/wohnung/mieten/ort-winterthur?pn=2","3.5 Zimmer","65m²","CHF 1'770.–","","","CHF 1'770.–","","","","","Wartstr. 54, 8400 Winterthur","","","","","Sonnige Wohnung an toller Lage!","","","","","Suchen Sie eine Wohnung an zentraler Lage in Winterthur? Dann haben wir hier das perfekte Objekt für SIe!Per 01.11.2026 vermieten wir diese 3.5-Zimmerwohnung an bester Lage in Winterthur:- Parkett im Wohnbereich- moderne Küche mit Glaskeramik und Geschirrspüler- 4 teiliger Wandschrank im Eingangsbereich- sonniger Balkon- in wenigen Gehminuten in der Altstadt- Haustierhaltung auf AnfrageDie Bilder zeigen den Standard der Liegenschaft und entsprechen nicht immer genau der angebotenen Wohnung.","","","",""
"1789666068-69","https://www.immoscout24.ch/de/wohnung/mieten/ort-winterthur?pn=2","4.5 Zimmer","104m²","CHF 2'370.–","","","CHF 2'370.–","","","","","Hegistr. 41e, 8404 Winterthur","","","","","helles, modernes Wohnen in farbigen Umfeld ! *Mieten ohne Kaution*","","","","","- Helle Wohnung- Ganze Wohnung Parkett- Moderne, geschlossene Küche mit Glaskeramik und Geschirrspüler- Grosszügiges Bad/WC mit Doppellavabo und Fenster- Sep. Dusche/WC- Eigene Waschmaschine mit Tumbler- Grosser, sonniger Balkon mit 16 m2- Keller- Bahnhof Oberwinterthur in unmittelbarer Nähe- Einstellplätze für CHF 140.00 vorhandenWeitere Informationen auf www.talwiesen.ch","","","",""
"1789666068-70","https://www.immoscout24.ch/de/wohnung/mieten/ort-winterthur?pn=2","2.5 Zimmer","58m²","CHF 1'895.–","","","CHF 1'895.–","","","","","Zürcherstrasse 135, 8406 Winterthur","","","","","2.5-Zimmer-Wohnung  Modernes Smart-Home mit Gratis-Internet im Herzen von Winterthur!","","","","","2.5-Zimmer-Wohnung Modernes Smart-Home mit Gratis-Internet im Herzen von Winterthur! Urbanes Wohnen in der Überbauung ""Small World"" Willkommen in der modernen Wohnüberbauung Small World an der Zürcherstrasse 135 in Winterthur. Diese stilvolle 2.5-Zimmer-Wohnung verbindet modernes Design, hohen Wohnkomfort und eine ausgezeichnete Lage ideal für Singles oder Paare, die das Stadtleben in vollen Zügen geniessen möchten. Ihre Highlights auf einen Blick • Gratis-Internet inklusive • Modernes Smart-Home-System • Helle und grosszügige Wohnräume mit viel Tageslicht • Hochwertige, moderne Küche mit zeitgemässen Geräten • Eigene Waschmaschine und Tumbler in der Wohnung • Überdachter Balkon • Lift vorhanden • Moderne und gepflegte Wohnüberbauung Small World • Einkaufsmöglichkeiten, Restaurants und Cafés in unmittelbarer Nähe • Öffentliche Verkehrsmittel nur wenige Gehminuten entfernt • Schnelle Erreichbarkeit der Winterthurer Innenstadt und des Bahnhofs • Ideale Anbindung an das Strassen- und Autobahnnetz Modern wohnen mitten in der Stadt Die Überbauung Small World bietet ein zeitgemässes Wohnkonzept für Menschen, die urbanes Leben mit Komfort verbinden möchten. Die hochwertige Ausstattung, die intelligente Smart-Home-Technologie und die zentrale Lage schaffen ein Zuhause, in dem Sie sich vom ersten Tag an wohlfühlen.Ob für den Arbeitsweg, den Einkauf oder die Freizeit hier wohnen Sie zentral und geniessen gleichzeitig ein modernes und angenehmes Wohnambiente.Vereinbaren Sie noch heute einen Besichtigungstermin wir freuen uns darauf, Ihnen diese attraktive Wohnung persönlich zu zeigen!","","","",""
"1789666068-71","https://www.immoscout24.ch/de/wohnung/mieten/ort-winterthur?pn=2","2.5 Zimmer","70m²","CHF 1'715.–","","","CHF 1'715.–","","","","","Unterwegli 37, 8404 Winterthur","","","","","2.5-Zimmer-Wohnung mit Sitzplatz! ""Mieten ohne Kaution""","","","","","Im schönen Quartier ""Unters Bühl"" in Oberwinterthur, wird diese 2.5 Zimmerwohnung mit Sitzplatz frei.- Bodenbelag im Wohnbereich: Parkett- Küche und Badezimmer: Keramik-Platten (Anthrazit)- Schöne Küche mit Glaskeramikherd und Geschirrspüler- Helles Badezimmer mit Dusche- Praktische Wandschränke im Korridor- Reduit- Sitzplatz (keine Katzen erlaubt)- Kellerabteil- Lift- Schöner und ruhiger Sitzplatz- Nähe Dorfkern Oberwinterthur- Zentrale LageAutoeinstellplätze in der Tiefgarage können für Fr. 120.00/Monat dazu gemietet werdenUmfassende Sanierung (Küche, Bad etc.) startet im Jahr 2027. Weitere Informationen finden Sie unter: https://www.unteresbuehl-winterthur.ch/sanierungFotos entsprechen dem Standard","","","",""
"1789666068-72","https://www.immoscout24.ch/de/wohnung/mieten/ort-winterthur?pn=2","3.5 Zimmer","111m²","CHF 2'825.–","","","CHF 2'825.–","","","","","Sulzeral. 65, 8404 Winterthur","","","","","Sie brauchen Platz? - ROY hat ihn!","","","","","3.5 Zimmer Wohnung am Standort: Sulzeral. 65, 8404 WinterthurSind Sie auf der Suche nach einem neuen, modernen zu Hause? Bei uns finden Sie garantiert die perfekte Wohnung, welche Ihren Vorstellungen entspricht.Lassen Sie sich vom hochwertigen Ausbaustandard überzeugen!Alle Informationen finden Sie auf unserer Objekthomepage https://www.roy-winterthur.chDie Bilder zeigen den Standard der Liegenschaft und entsprechen nicht immer der angebotenen Wohnung.Sie haben das Objekt bereits besichtigt und möchten sich darauf bewerben? Hier gelangen Sie zur Onlinebewerbung:https://www.mywincasa.ch/candidate/entry/05393.05.6513","","","",""
"1789666068-73","https://www.immoscout24.ch/de/wohnung/mieten/ort-winterthur?pn=2","3.5 Zimmer","111m²","CHF 2'915.–","","","CHF 2'915.–","","","","","Sulzeral. 65, 8404 Winterthur","","","","","Ihr neues Zuhause im ROY!","","","","","3.5 Zimmer Wohnung am Standort: Sulzeral. 65, 8404 Winterthur- Grosszügiger Grundriss- Moderner Küchenausbau- Lichtdurchflutete Wohnung- Parkett im Wohnbereich und Schlafzimmer- Plattenboden im Bad- Badezimmer mit Waschturm- Separates WC- Garderobe im Eingangsbereich- Gemütliche Loggia- 24h Migros TEO vor dem Haus- Diverse Gewerbe (Café, Imbiss etc.) im Erdgeschoss- Grosser Park in der Nähe- Bushaltestelle vor dem HausDie Bilder zeigen den Standard.Haben wir Ihr Interesse geweckt?Sie haben das Objekt bereits besichtigt und möchten sich darauf bewerben? Hier gelangen Sie zur Onlinebewerbung:https://www.mywincasa.ch/candidate/entry/05393.05.6543","","","",""
"1789666068-74","https://www.immoscout24.ch/de/wohnung/mieten/ort-winterthur?pn=2","3.5 Zimmer","95m²","CHF 2'660.–","","","CHF 2'660.–","","","","","Seuzacherstr. 13b, 8400 Winterthur","","","","","Modern und zentral! Wohnen über der Shopping-Mall!","","","","","Schöne und moderne Wohnung sucht neuen Bewohner!- Zentrale Lage- Gesamte Wohnung mit Parkett- Offene Küche mit Glaskeramikherd, Geschirrspüler und Backofen- Badezimmer mit Badewanne und separates Badezimmer mit Dusche- Waschmaschine / Tumbler in der Wohnung- Grosser Balkon (Loggia)- Reduit- Kellerabteil- Lift- Minergiewohnüberbauung mit kontrollierter Lüftung- Migros direkt in der Liegenschaft (Einkaufszentrum Rosenberg)- Sehr nahe gelegene Busstation Einstellplatz für CHF 140.- pro Monat Homepage: http://www.james-winterthur.chHaben wir Ihr Interesse geweckt? Für einen Besichtigungstermin, Bewerbungslink sowie weitere Informationen senden Sie uns eine Nachricht via Kontaktformular. Sie erhalten anschliessend eine automatische Nachricht mit den erwähnten Informationen. Wir freuen uns auf Ihre Kontaktaufnahme!","","","",""
"1789666068-75","https://www.immoscout24.ch/de/wohnung/mieten/ort-winterthur?pn=2","4.5 Zimmer","102m²","CHF 2'302.–","","","CHF 2'302.–","","","","","Reismühlestr. 3, 8409 Winterthur","","","","","Gemütlich und moderne 4.5 Zimmer Wohnung","","","","","Wir Vermieten eine 4.5- Zimmerwohnung in Winterthur. Innert wenigen Gehminuten gelangen Sie zum Bahnhof Oberwinterthur. Auch der Eulachpark ist bequem zu Fuss erreichbar.Ausstattung und allgemeine Eigenschaften der Wohnung:- Helle Räume- Moderne, offene Küche mit Geschirrspüler und Sichtbackofen- Eigener Waschturm (Waschmaschine und Tumbler)- Gäste-WC- Parkett in der ganzen Wohnung- Glasfaseranschluss- Balkon mit Weitsicht- Kellerabteil- Ruhige Wohnlage- Lift vorhanden- Schule in der NäheAllgemeinräume zur Mitbenützung:- Trocknungsraum mit Raumluftwäschetrockner (Secomat)- VeloraumEin Einstellplatz in der Tiefgarage kann zu CHF 140.00 mtl. dazu gemietet werden.Haustiere sind erlaubt und müssen angemeldet werden.Lassen Sie sich diese Wohnung nicht entgehen und vereinbaren Sie noch heute einen Besichtigungstermin über das Inserat!BVK - Die Pensionskasse mit attraktivem Wohnraum in der ganzen Schweiz. Tagesaktuell auf www.bvk-immobilien.ch","","","",""
"1789666068-76","https://www.immoscout24.ch/de/wohnung/mieten/ort-winterthur?pn=2","4 Zimmer","86m²","CHF 2'400.–","","","CHF 2'400.–","","","","","Bankstrasse 8, 12, 8400 Winterthur","","","","","Zentrale Wohnlage gesucht?","","","","","Wir vermieten nach Vereinbarung diese helle 4-Zimmerwohnung direkt im Einkaufszentrum ,Am Stadtgarten' in Winterthur.Die Wohnung befindet sich an idealer Lage und Sie haben eine Inhouse-Grundversorgung mit Coop, MANOR, Apotheke und diversen Arztpraxen. Der Bahnhof Winterthur ist in wenigen Gehminuten erreichbar und in der Nähe hat es zahlreiche Restaurants.Das Mietobjekt mit rund 86m2 im 2.OG verfügt über folgende Eigenschaften:- Wohnbereich und Zimmer mit Parkettboden- Badezimmer mit Badewanne und separates Gäste-WC- Helle Küche mit Herdplatten und viel Stauraum für Ihre Küchenutensilien- Einbauschrank und Garderobe im Korridor- Eigener separater Abstellraum auf derselben Etage- Terrasse zur Mitbenutzung- Waschküche und Trockenraum zur Mitbenutzung mit einer weiteren ParteiBei Bedarf können Parkplätze (sofern verfügbar) in der Tiefgarage separat dazu gemietet werden.Haben wir Ihr Interesse geweckt? Für einen Besichtigungstermin kontaktieren Sie uns bitte schriftlich über das Kontaktformular. Wir freuen uns auf Ihre Anfrage.","","","",""
"1789666068-77","https://www.immoscout24.ch/de/wohnung/mieten/ort-winterthur?pn=2","7.5 Zimmer","283m²","CHF 4'300.–","","","CHF 4'300.–","","","","","Werdstrasse 7, 8405 Winterthur","","","","","7.5-Zimmer-Hausteil auf 3 Etagen in Winterthur-Seen  hell, gemütlich und zentral","","","","","Wir vermieten, nach Vereinbarung, diesen gemütlichen und lichtdurchfluteten 7.5-Zimmer-Hausteil auf 3 Etagen in Winterthur Seen. In nur wenigen Gehminuten erreichen Sie die Bushaltestelle Hinterdorf Seen. Einkaufsmöglichkeiten wie Migros und Coop befinden sich ebenfalls in unmittelbarer Nähe. Dieser lichtdurchflutete 7.5-Zimmer-Hausteil erstreckt sich über drei Etagen und überzeugt mit viel Charme, sichtbaren Holzelementen und einem durchdachten Grundriss ideal für Paare, Familien oder Wohnen &amp; Arbeiten unter einem Dach.Highlights der Wohnung: • grosse, separate Küche mit modernen Geräte inkl. Geschirrspüler • gemütliches Wohnzimmer mit Kachelofen • separates Esszimmer • helle Zimmer mit Laminatböden • Badezimmer mit Badewanne, Dusche und Doppellavabo • zusätzliche Dusche (separat) • Gäste-WC • zwei Sitzplätze im Aussenbereich Parken • Garagenbox mit Vorplatznutzung auf Wunsch: CHF 180. / Monat Lage &amp; Umgebung • Bushaltestelle Hinterdorf Seen in wenigen Gehminuten • Einkaufen (Migros, Coop) in unmittelbarer Nähe • ruhiges, gewachsenes Quartier mit kurzer Anbindung an Zentrum und Natur Hunde sind bei dieser Liegenschaft nicht gestattet.Hat die Wohnung Ihr Interesse geweckt?Kontaktieren Sie uns über das Kontaktformular, um einen Besichtigungstermin zu vereinbaren wir freuen uns auf Ihre Anfrage!","","","",""
"1789666068-78","https://www.immoscout24.ch/de/wohnung/mieten/ort-winterthur?pn=2","3.5 Zimmer","CHF 2'890.–","","","","CHF 2'890.–","","","","","Marktgasse 51, 8400 Winterthur, 8400 Winterthur","","","","","Wohnen über den Dächern von Winterthur","","","","","Per 1. November 2026 vermieten wir eine charmante 3.5-Zimmer-Maisonette-Wohnung mitten in der historischen Altstadt von Winterthur.Die Wohnung besticht durch ihren besonderen Grundriss, viel Licht und einen wunderschönen Ausblick über die Stadt. Wer das urbane Leben liebt und gleichzeitig ein Zuhause mit besonderem Charme sucht, wird sich hier wohlfühlen.Die Wohnung bietet Ihnen unter anderem:-Wunderschöner Ausblick -Helle und freundliche Räumlichkeiten-Balkon mit Aussicht-Grosszügige Küche-Interessanter und individueller Grundriss-Charmantes Wohnzimmer mit Schwedenofen-Separates WC-Schlafzimmer sowie zusätzliches Zimmer, ideal als Büro oder Kinderzimmer-Eigener WaschturmMitten in der Altstadt und mitten im Leben: Restaurants, Cafés, Einkaufsmöglichkeiten und das vielfältige kulturelle Angebot von Winterthur befinden sich direkt vor der Haustüre.Bitte beachten Sie, dass keine Auto-Parkplätze zur Wohnung gehören bzw. zur Verfügung stehen.Haben wir Ihr Interesse geweckt? Dann freuen wir uns auf Ihre Kontaktaufnahme.","","","",""
"1789666068-79","https://www.immoscout24.ch/de/wohnung/mieten/ort-winterthur?pn=2","2.5 Zimmer","170m²","CHF 3'580.–","","","CHF 3'580.–","","","","","Katharina Sulzer Platz 8, 8400 Winterthur","","","","","Modernes Wohnen garantiert! - Mieten ohne Kaution","","","","","- hohe Räume und grosse Fenster- origineller Grundriss- alle Wohnräume Parkett- Küche/Bad Feinsteinzeugplatten- untere Etage mit Küche und Wohnbereich- obere Etage mit Galerie - grosse Küche mit Geschirrspüler, Glaskeramik und Steamer- Bad mit eigenem Waschturm- elektrische Lamellenstoren - Parterre- Kellerabteil- öffentl. Verkehr, Einkauf und Stadtzentrum zu Fuss erreichbar- Einstellplätze à Fr. 175.--/Mt. vorhandenDie Bilder entsprechen dem StandardAktuell wird das Objekt als Büro vermietet. Kann jedoch als Wohnung genutzt werden.Mietzins: CHF 3580.00 inkl. Nebenkostenakonto!","","","",""
"1789666068-80","https://www.immoscout24.ch/de/wohnung/mieten/ort-winterthur?pn=2","1 Zimmer","39m²","CHF 1'410.–","","","CHF 1'410.–","","","","","Gutstr. 11, 8400 Winterthur","","","","","Zentral gelegen mit grüner Umgebung!","","","","","Die Wohnung befindet sich an zentraler Lage in Winterthur und punktet mit hellen und attraktiven Räumlichkeiten. Die Wohnung verfügt zudem über:- Küche mit Glaskeramikherd- Parkett im Wohn-/ Schlafzimmer- Plattenboden in Küche und Bad- Genügend Stauraum dank Einbauschrank und eigenem Kellerabteil Das Objekt ist in der Nähe von diversen Einkaufsmöglichkeiten, öffentlichen Verkehrsmitteln wie auch naturnah gelegen.(Die Fotos entsprechen dem Standard, Abweichungen sind möglich.)","","","",""
"1789666072-81","https://www.immoscout24.ch/de/wohnung/mieten/ort-winterthur?pn=1","3.5 Zimmer","70m²","CHF 2'490.–","","","CHF 2'490.–","","","","","Frauenfelderstrasse 26, 8404 Winterthur","","","","","Umfassend saniert für mehr Wohnqualität  ""Feliva"", Ihr neues Zuhause","","","","","An der Frauenfelderstrasse 2430 entstehen direkt gegenüber dem SBB-Bahnhof Oberwinterthur 25 modernisierte Mietwohnungen. Die Wohnungen werden umfassend saniert und auf die heutigen Wohnbedürfnisse sowie technischen Standards abgestimmt. - Küche mit Induktionskochfeld und Combi-Steamer von Electrolux- Küche und Nasszellen mit Boden aus Keramikplatten- Alle Wohn- und Schlafzimmer sind mit einem Parkett (Eiche) versehen- Grosszügige Badezimmer mit Dusche- Eigener Waschturm (V-ZUG)- Balkon / Loggia- Eigenes Kellerabteil für jede Wohnung- Parkplätze oder Einzelgaragen können dazu gemietet werden Die Lage bietet ideale Anbindung: Einkaufsmöglichkeiten, Restaurants, Cafés und Freizeiteinrichtungen sind in wenigen Minuten zu Fuss erreichbar. Schulen, Kindergärten und Sportangebote befinden sich in unmittelbarer Nähe, und die Winterthurer Innenstadt ist schnell erreichbar. Perfekt für alle, die Leben in der Stadt mit hoher Lebensqualität verbinden möchten. Sie sind neugierig und wünschen weitere Informationen? Gerne finden Sie alle relevanten Details auf unserer Projektwebseite: www.feliva-winterthur.ch. Wir freuen uns auf Ihre Kontaktaufnahme! Privera Vermarktungsteam Die aufgeführten Impressionen (Visualisierungen und Fotos ) sind urheberrechtlich geschützt und dürfen nicht von Dritten verwendet werden. Die Impressionen zeigen lediglich den Ausbaustandart. Andere Wohnungstypen können von diesen Impressionen abweichen.","","","",""
"1789666072-82","https://www.immoscout24.ch/de/wohnung/mieten/ort-winterthur?pn=1","4 Zimmer","79m²","CHF 2'300.–","","","CHF 2'300.–","","","","","Grenzstrasse 42, 8406 Winterthur","","","","","Zentral wohnen in Winterthur Töss","","","","","An der Grenzstrasse 42 in Winterthur erwartet Sie diese frisch renovierte 4.0-Zimmerwohnung im 1. Obergeschoss. Die Wohnung überzeugt mit hellen Wohnräumen, einem durchdachten Grundriss und einem privaten Balkon.Die Wohnung auf einen Blick: • Frisch renoviert: Modernisiert und bezugsbereit. • Helle Wohnräume: Wohnlicher Charakter dank heller Räumlichkeiten. • Moderne Küche: Zeitgemässe Ausstattung, Backofen und Geschirrspüler. • Badezimmer mit Badewanne: Praktisch und funktional gestaltet. • Privater Balkon: Zusätzlicher Platz zum Entspannen im Freien. • Zentrale Lage: Einkaufsmöglichkeiten, Schulen und öffentliche Verkehrsmittel befinden sich in unmittelbarer Nähe. Die zentrale Lage bietet beste Voraussetzungen für einen komfortablen Alltag. Dank der guten Anbindung an den öffentlichen Verkehr gelangen Sie schnell zum Bahnhof Winterthur sowie in die umliegenden Gemeinden. Die Kombination aus vielfältiger Infrastruktur und nahegelegenen Grünräumen macht diesen Standort besonders attraktiv.Die gezeigten Bilder dienen als Muster und können vom tatsächlichen Objekt abweichen.Weitere Informationen sowie das ganze Wohnungsangebot finden Sie auf der Projektwebseite.","","","",""
"1789666072-83","https://www.immoscout24.ch/de/wohnung/mieten/ort-winterthur?pn=1","4 Zimmer","90m²","CHF 1'800.–","","","CHF 1'800.–","","","","","Breitestrasse 25, 8400 Winterthur","","","","","4-Zimmer-Altbauwohnung an der Breitestrasse in Winterthur (Befristeter Mietvertrag)","","","","","Beschreibung: 4-Zimmer-Wohnung im 1. Obergeschoss eines gepflegten Altbaus an der Breitestrasse 25 in Winterthur. Mit einer Wohnfläche von 90 m² bietet diese Wohnung viel Raum und Gemütlichkeit – ideal für Paare oder Studenten-WG.Lage und Umgebung: Die Wohnung ist ruhig und ist gut besonnt. Die Bushaltestelle ist in nur 5 Gehminuten erreichbar.Diese Altbauwohnung ist ab dem 1. Oktober 2026 verfügbar mit einem befristeter Mietvertrag bis 31. August 2027","","","",""
"1789666072-84","https://www.immoscout24.ch/de/wohnung/mieten/ort-winterthur?pn=1","2.5 Zimmer","49m²","CHF 2'280.–","","","CHF 2'280.–","","","","","Konradstrasse 15b, 8400 Winterthur","","","","","Erstbezug - Urban wohnen an zentraler Lage","","","","","Mit den Mietwohnungen an der Konradstrasse 15 in Winterthur entsteht an zentraler Lage ein einzigartiges Wohnprojekt, das historische Bausubstanz mit moderner Architektur und nachhaltigem Wohnen verbindet.Die 2.5-Zimmerwohnung im 2. Obergeschoss (15b-207) überzeugt mit einem durchdachten Grundriss, einem hellen Wohn- und Essbereich, einem grosszügigen Balkon mit 20.5 m² sowie einem hochwertigen Innenausbau mit Eichenparkett, moderner Küche und stilvollem Badezimmer.Die zentrale Lage nahe Einkaufsmöglichkeiten, Gastronomie und dem Hauptbahnhof Winterthur bietet urbanes Wohnen mit hoher Lebensqualität.Highlights auf einen Blick • Hochwertige Küche mit Electrolux-Geräten (Induktionskochfeld, Kombisteamer und Geschirrspüler) • Eichen-Klötzliparkett im Wohn- und Schlafzimmer • Modernes Badezimmer mit fugenlosem Polyurethanboden und Dusche • Fussbodenheizung • 3-fach-Isolierverglasung • Elektrische Sonnen- und Sichtschutzsysteme • Video-Gegensprechanlage • Lift vorhanden • Kellerabteil • Fernwärmeanschluss Auf Wunsch können Einstellplätze in der Tiefgarage sowie Motorradplätze dazu gemietet werden.Weitere Informationen zum Projekt, das gesamte Wohnungsangebot, verfügbare Besichtigungstermine sowie die Möglichkeit zur direkten Einreichung Ihrer Bewerbung finden Sie unter: www.k15-winterthur.ch.","","","",""
"1789666072-85","https://www.immoscout24.ch/de/wohnung/mieten/ort-winterthur?pn=1","3 Zimmer","72m²","CHF 2'090.–","","","CHF 2'090.–","","","","","Schützenstrasse 42 A, 8400 Winterthur","","","","","Zentrale Lage aber doch ruhig","","","","","Wir vermieten diese 3-Zimmerwohnung an zentraler aber doch ruhiger Wohnlage. Das Wohnobjekt bietet Ihnen die folgenden Annehmlichkeiten: - Korridor mit Parkettboden- Wohnzimmer und Schlafzimmer- mit Parkettboden - moderne Küche- mit Plattenboden - mit Glaskeramikherd- und Geschirrspüler - Badezimmer/WC- Balkon- KellerabteilDie Musterfotos zeigen lediglich den Ausbaustandard der Wohnung. Die genaue Raumaufteilung entnehmen Sie bitte dem Grundrissplan.Eine Garage für CHF 135.00 / Monat kann auf Wunsch separat dazu gemietet werden. Die Liegenschaft befindet sich im Quartier Neuwiesen. Der Bahnhof ""Winterthur"" mit diversen S-Bahnlinien ist in wenigen Gehminuten erreichbar. Das Einkaufszentrum ""Neuwiesen"" mit diversen Einkaufsmöglichkeiten (wie z.B. Migros, Apotheke) erreichen Sie ebenfalls bequem zu Fuss.Geschäfte, Bars und Restaurants? Befindet sich alles in unmittelbarer Nähe der Liegenschaft.Haben wir Ihr Interesse geweckt?Dann kontaktieren Sie uns direkt im Onlineinserat über ""Anbieter kontaktieren"". Sie erhalten anschliessend eine automatisierte E-Mail mit den Besichtigungsinformationen sowie der Möglichkeit, sich digital auf die Wohnung zu bewerben und/oder uns allfällige Fragen zu stellen.Wir freuen uns auf Ihre digitale Bewerbung nach der Besichtigung.","","","",""
"1789666072-86","https://www.immoscout24.ch/de/wohnung/mieten/ort-winterthur?pn=1","2 Zimmer","45m²","CHF 1'750.–","","","CHF 1'750.–","","","","","Grenzstrasse 42, 8406 Winterthur","","","","","Ihr neues Zuhause in Winterthur Töss","","","","","An der Grenzstrasse 42 in Winterthur erwartet Sie diese frisch renovierte 2.0-Zimmerwohnung im 2. Obergeschoss. Die Wohnung überzeugt mit hellen Wohnräumen und einem durchdachten Grundriss.Die Wohnung auf einen Blick: • Frisch renoviert: Modernisiert und bezugsbereit. • Helle Wohnräume: Wohnlicher Charakter dank heller Räumlichkeiten und gutem Lichteinfall. • Moderne Küche: Ideal für den täglichen Gebrauch. • Badezimmer mit Badewanne: Praktisch und funktional gestaltet. • Balkon: Zusätzlicher Platz zum Entspannen im Freien. • Zentrale Lage: Einkaufsmöglichkeiten, Schulen und öffentliche Verkehrsmittel befinden sich in unmittelbarer Nähe. Die zentrale Lage bietet beste Voraussetzungen für einen komfortablen Alltag. Dank der guten Anbindung an den öffentlichen Verkehr gelangen Sie schnell zum Bahnhof Winterthur sowie in die umliegenden Gemeinden. Die Kombination aus vielfältiger Infrastruktur und nahegelegenen Grünräumen macht diesen Standort besonders attraktiv.Die gezeigten Bilder dienen als Muster und können vom tatsächlichen Objekt abweichen.Weitere Informationen sowie das ganze Wohnungsangebot finden Sie auf der Projektwebseite.","","","",""
"1789666072-87","https://www.immoscout24.ch/de/wohnung/mieten/ort-winterthur?pn=1","3 Zimmer","66m²","CHF 2'050.–","","","CHF 2'050.–","","","","","Grenzstrasse 42, 8406 Winterthur","","","","","Attraktive 3.0-Zimmerwohnung an guter Lage in Winterthur","","","","","An der Grenzstrasse 42 in Winterthur erwartet Sie diese frisch renovierte 3.0-Zimmerwohnung im 1. Obergeschoss. Die Wohnung überzeugt mit hellen Wohnräumen, einem durchdachten Grundriss und einem privaten Balkon.Die Wohnung auf einen Blick: • Frisch renoviert: Modernisiert und bezugsbereit. • Helle Wohnräume: Wohnlicher Charakter dank heller Räumlichkeiten und gutem Lichteinfall. • Moderne Küche: Zeitgemässe Ausstattung, Backofen und Geschirrspüler. • Badezimmer mit Badewanne: Praktisch und funktional gestaltet. • Privater Balkon: Zusätzlicher Platz zum Entspannen im Freien. • Zentrale Lage: Einkaufsmöglichkeiten, Schulen und öffentliche Verkehrsmittel befinden sich in unmittelbarer Nähe. Die zentrale Lage bietet beste Voraussetzungen für einen komfortablen Alltag. Dank der guten Anbindung an den öffentlichen Verkehr gelangen Sie schnell zum Bahnhof Winterthur sowie in die umliegenden Gemeinden. Die Kombination aus vielfältigen Infrastruktur und nahegelegenen Grünräumen macht diesen Standort besonders attraktiv.Die gezeigten Bilder dienen als Muster und können vom tatsächlichen Objekt abweichen.Weitere Informationen sowie das ganze Wohnungsangebot finden Sie auf der Projektwebseite.","","","",""
"1789666072-88","https://www.immoscout24.ch/de/wohnung/mieten/ort-winterthur?pn=1","4.5 Zimmer","106m²","CHF 2'800.–","","","CHF 2'800.–","","","","","Barbara Reinhart-Strasse 38, 8404 Winterthur","","","","","Wohnen direkt neben dem Eulachpark","","","","","Diese wunderschöne und moderne 4.5 Zimmer-Wohnung bietet Ihnen nachfolgende Eigenschaften:- grosszügige, helle Räume mit viel Tageslicht dank grossen Fenstern- ansprechende Raumaufteilung- Kinderzimmer mit Faltwand- Balkon- Eichenparkett- Plattenboden (grau/anthrazit) in Nasszellen und Küche- Küche mit schwarzem Granit und weissen Fronten- Badzimmer mit WC- Duschzimmer mit WC- Reduit in der Wohnung samt Waschmaschine und Tumbler- KellerabteilLage:- Bahnhof Oberwinterthur, Bushaltestelle, Eulachpark in unmittelbarer Nähe- Einkaufsmöglichkeiten in versch. Einkaufszentren und Geschäften in der nahen UmgebungDie schweizweit erste Null-Energie-Wohnüberbauung Eulachhof wurde auf dem ehemaligen Industrieareal der Sulzer in Oberwinterthur erstellt. Das nachhaltige Gebäude verfügt über energetische Qualitäten und optische Originalität:- Sinnliches Holzkleid in warmem Farbton um das Gebäude, darunter eine optimale Wärmedämmung- Gewinn des Schweizer Solarpreises dank innovativer Technik- und Architekturlösungen- Grosse Photovoltaikanlage auf dem Hauptdach- Dreifach verglaste, grosse Solarfenster- Unabhängig von fossilen EnergieträgernInteressiert? Melden Sie sich via Kontaktformular und nehmen Sie an unserer unverbindlichen Besichtigung teil.Die Fotos entsprechen einer typenähnlichen Wohnung.","","","",""
"1789666072-89","https://www.immoscout24.ch/de/wohnung/mieten/ort-winterthur?pn=1","4.5 Zimmer","128m²","CHF 1'490.–","","","CHF 1'490.–","","","","","Technikumstrasse, 8400 Winterthur","","","","","Grosszügige 4.5-Zimmer-Dachwohnung an der Technikumstrasse in Winterthur","","","","","Willkommen in dieser hellen und modernen 4.5-Zimmer-Dachwohnung im 4. Obergeschoss an der begehrten Technikumstrasse in Winterthur. Mit einer grosszügigen Wohnfläche von 128 m² bietet diese Wohnung alles, was das Herz begehrt – und ist ab sofort verfügbar!Die Wohnung überzeugt mit folgenden Highlights: • Moderne Küche: Ausgestattet mit weissen Schränken, dunklen Arbeitsplatten sowie eingebauten Geräten wie Backofen und Mikrowelle – funktional und stilvoll zugleich. • Heller Wohn- und Essbereich: Ein grosszügiger, gut beleuchteter Wohnraum mit Holzboden und weissen Wänden, der Küche und Wohnbereich harmonisch verbindet. • Multifunktionale Zimmer: Flexibel nutzbare Räume, die sich ideal als Schlaf- und Wohnbereiche einrichten lassen. • Sonnige Lage im Sommer: Die Wohnung profitiert im Sommer von viel Sonnenlicht. • Lift und Rollstuhlgängigkeit: Das Gebäude verfügt über einen Lift und ist vollständig rollstuhlgängig. • Parkplatz vorhanden: Ein Parkplatz steht zur Verfügung. Weitere Vorteile: • Kinderfreundlich und haustierfreundlich – ideal für Familien. • Ruhige Nächte dank geringer Bahnlärmbelastung. Lage und Umgebung: Die Wohnung liegt in einer ausgezeichneten Lage im Herzen von Winterthur. Die Bushaltestelle Technikum ist in nur 2 Gehminuten erreichbar, der Hauptbahnhof Winterthur in lediglich 7 Gehminuten zu Fuss. Für den täglichen Bedarf steht ein Migros-Supermarkt in 4 Gehminuten zur Verfügung. Die Steinberg Apotheke Winterthur befindet sich nur 1 Gehminute entfernt – ideal für alle Alltagsbedürfnisse. Familien schätzen die Nähe zur GET Kaderschule, die ebenfalls in 4 Gehminuten erreichbar ist.Diese Dachwohnung vereint urbanes Stadtleben mit hohem Wohnkomfort und ist sofort bezugsbereit. Eine seltene Gelegenheit in einer der attraktivsten Lagen Winterthurs – jetzt zugreifen!","","","",""
"1789666072-90","https://www.immoscout24.ch/de/wohnung/mieten/ort-winterthur?pn=1","3.5 Zimmer","103m²","CHF 2'660.–","","","CHF 2'660.–","","","","","8404 Winterthur","","","","","Moderne 3.5-Zimmer-Wohnung mit Balkon in Winterthur Hegi","","","","","Der Stadtpark Eulachpark ist nur wenige Schritte von Ihrem neuen Rückzugsort entfernt. Sie leben in einem stark aufstrebenden Quartier, das durch seine perfekte Infrastruktur und kurze Wege überzeugt. Direkt vor der Haustür finden Sie einen 24/7-Supermarkt, einen wöchentlichen Frischmarkt, Kindergärten, Schulen, Fitnessstudios, Geschäfte und Restaurants.Der Bahnhof Winterthur Hegi und die Bushaltestelle sind in 2 Gehminuten erreichbar und garantieren schnelle Verbindungen nach Zürich und zum Flughafen. Das Stadtzentrum ist nur 7 Autominuten entfernt.Die WohnungDank des gut durchdachten Grundrisses verfügt die Wohnung über geräumige Zimmer und eine helle Wohnküche, während der helle Parkettboden (und Fliesen in den Badezimmern) für eine elegante und gemütliche Atmosphäre sorgt.Darüber hinaus bietet Ihnen Ihr neues Zuhause folgende Vorteile: • Grosse Fensterfronten und Fenster in allen Zimmern • Grosse Wohnküche • 2 Badezimmer/WC (Doppelbad) • Eingangsbereich mit Garderobe und Einbauschränken • Reduit mit Waschmaschine und Tumbler (Waschturm) • Grosser externer Abstellraum auf dem Balkon • Privates Kellerabteil Details und Übernahmebedingungen (Nachmiete)Zusammen mit der Wohnung muss obligatorisch ein Parkplatz in der Tiefgarage übernommen werden (CHF 150.– / Monat).MöbelpaketUm die Übernahmeformalitäten zu beschleunigen, bieten wir ein Möbelpaket (Möbel in neuwertigem Zustand) zu einem äusserst vorteilhaften und reduzierten Pauschalpreis an: • Grosser Kleiderschrank mit Beleuchtung • Küchentisch aus Eiche und sechs gepolsterte Stühle • Badezimmermöbel aus Bambus • Massgeschneiderte Vorhänge in Küche und Wohnzimmer • Verdunkelungsvorhänge im Schlafzimmer • Weisses Bücherregal • Magnet-Messerleisten aus Bambus Weitere Details und Preise werden privat mitgeteilt.🇬🇧 EnglishModern 3.5-room apartment with balcony in Winterthur HegiThe LocationThe Eulachpark city park is just a few steps away from your new retreat. You will live in a rapidly growing neighborhood that stands out for its perfect infrastructure and short distances. Right at your doorstep, you will find a 24/7 supermarket, a weekly fresh produce market, kindergartens, schools, gyms, shops, and restaurants.The Winterthur Hegi train station and bus stop are a 2-minute walk away, ensuring quick connections to Zurich and the airport. The city center is just a 7-minute drive away.The ApartmentThanks to the well-thought-out layout, the apartment features spacious rooms and a bright eat-in kitchen, while the light parquet flooring (and tiles in the bathrooms) ensures an elegant and cozy atmosphere.Furthermore, your new home offers the following benefits: • Large glass panels and windows in all rooms • Large eat-in kitchen • 2 Bathrooms/WC • Entrance with wardrobe and built-in closets • Reduit with washer-dryer column (wash tower) • Large external storage room on the balcony • Private cellar Takeover Details and ConditionsAlong with the apartment, an underground parking space must mandatorily be taken over (CHF 150.- / month).Furniture PackageTo speed up the takeover process, we offer a furniture package (furniture in like-new condition) at an extremely advantageous and discounted flat rate: • Large wardrobe with lighting • Oak kitchen table and six upholstered chairs • Bamboo bathroom furniture • Custom-made curtains in the kitchen and living room • Blackout curtains in the bedroom • White bookcase • Bamboo magnetic knife racks Further details and prices will be communicated privately.","","","",""
"1789666072-91","https://www.immoscout24.ch/de/wohnung/mieten/ort-winterthur?pn=1","1 Zimmer","14m²","CHF 1'050.–","","","CHF 1'050.–","","","","","Unterwegli, 8404 Winterthur","","","","","Möbliertes Zimmer zentral - Heute einziehen","","","","","Modern möbliertes Zimmer in 'Winterthur' - günstig und alles inklusiveKomfortables Zimmer in guter Lage - ideal für Berufstätige und Wochenaufenthalter. Komplett möbliert mit Bett (inkl. Bettwäsche), grossem Kleiderschrank, Schreibtisch mit Stuhl, Regal, Nachttisch, Lampen und LCD-TV. Kostenloses WLAN ist ebenfalls inklusive.Die Reinigung der gemeinsamen Bereiche (Küche, Bad, Flur) erfolgt regelmässig und ist im Mietpreis enthalten. Auch sämtliche Nebenkosten wie Strom, Wasser und Heizung sind inklusive.Das Badezimmer und die Küche werden mit ruhigen und freundlichen Mitbewohner/innen geteilt. Die Wohnatmosphäre ist gepflegt, mit klaren Regeln für Ruhe und Sauberkeit - keine klassische WG. Man sagt sich Hallo, aber jeder lebt sein eigenes Leben.Es wird kein Betreibungsauszug und keine Arbeitgeberbescheinigung verlangt, da bei uns der Mensch im Zentrum steht. Wir wollen nur seriöse und anständige Mieter/innen haben. Der Einzug ist je nach Verfügbarkeit bereits heute oder nach Vereinbarung möglich. Die Mindestmietdauer beträgt 1 Monat. Kündigungsfrist wahlweise 14 oder 30 Tage. Die Kaution beträgt 1 Monatsmiete (Keine Ratenzahlung möglich).Nach deiner Anfrage meldet sich Nina Fuchs umgehend bei dir. Sie beantwortet alle Fragen, organisiert Besichtigungen (auch per Video) und begleitet dich persönlich durch den gesamten Mietprozess.Bitte beachten Sie, dass es sich um Muster bzw. Beispielbilder handelt. Gerne vereinbaren wir eine persönliche Besichtigung.Einfach Anfrage senden - Nina Fuchs wird sich so schnell wie möglich melden.Wir von Apartment24 vermieten nicht nur in Winterthur. Wir sind der grösste Anbieter von möblierten Zimmern und CoLiving Angeboten in der Schweiz.Weitere Informationen: https://apartment24.ch/de/zimmer/Unterwegli-Winterthur/50ENGLISHBright furnished room in 'Winterthur' - flexible and all-inclusiveA clean and bright room - ideal for professionals, students or weekly commuters. Fully furnished with a bed (including bedding), large wardrobe, desk with chair, shelf, nightstand, lamps, and an LCD TV. Free high-speed Wi-Fi is included.Weekly cleaning of the shared areas (kitchen, bathroom, hallway) is included in the rent. All utilities such as electricity, water, and heating are also covered.The kitchen and bathroom are shared with quiet and friendly roommates. The atmosphere is respectful and clean - not a typical shared flat (WG), but a peaceful living setup.No credit report or employer confirmation required. Move-in is possible immediately or by arrangement. Minimum rental period is 1 month. Cancellation period is either 14 or 30 days, depending on your needs. A security deposit or confirmation for local registration can be provided if needed.As soon as you send your request, Nina Fuchs will get in touch with you directly. She'll answer all your questions, organize a viewing (also via video call), and personally guide you through the rental process.Please note that these are samples or example images.Just send your inquiry - Nina Fuchs will respond as quickly as possible.At Apartment24, we don't just rent in 'Winterthur'. We are the largest provider of furnished rooms in Switzerland. Details: https://apartment24.ch/en/room/offer/50","","","",""
"1789666072-92","https://www.immoscout24.ch/de/wohnung/mieten/ort-winterthur?pn=1","1 Zimmer","17m²","CHF 950.–","","","CHF 950.–","","","","","Wülflingerstrasse, 8408 Winterthur","","","","","Möbliertes Zimmer zentral - Heute einziehen","","","","","Modern möbliertes Zimmer in 'Winterthur' - günstig und alles inklusiveSchönes, möbliertes und helles Zimmer - ideal, wenn man nicht viel Geld fürs Wohnen ausgeben möchte. Komplett möbliert mit Bett (inkl. Bettwäsche), grossem Kleiderschrank, Schreibtisch mit Stuhl, Regal, Nachttisch, Lampen und LCD-TV. Kostenloses WLAN ist ebenfalls inklusive.Die Reinigung der gemeinsamen Bereiche (Küche, Bad, Flur) erfolgt regelmässig und ist im Mietpreis enthalten. Auch sämtliche Nebenkosten wie Strom, Wasser und Heizung sind inklusive.Das Badezimmer und die Küche werden mit ruhigen und freundlichen Mitbewohner/innen geteilt. Die Wohnatmosphäre ist gepflegt, mit klaren Regeln für Ruhe und Sauberkeit - keine klassische WG. Man sagt sich Hallo, aber jeder lebt sein eigenes Leben.Es wird kein Betreibungsauszug und keine Arbeitgeberbescheinigung verlangt, da bei uns der Mensch im Zentrum steht. Wir wollen nur seriöse und anständige Mieter/innen haben. Der Einzug ist je nach Verfügbarkeit bereits heute oder nach Vereinbarung möglich. Die Mindestmietdauer beträgt 1 Monat. Kündigungsfrist wahlweise 14 oder 30 Tage. Die Kaution beträgt 1 Monatsmiete (Keine Ratenzahlung möglich).Nach deiner Anfrage meldet sich Nina Fuchs umgehend bei dir. Sie beantwortet alle Fragen, organisiert Besichtigungen (auch per Video) und begleitet dich persönlich durch den gesamten Mietprozess.Bitte beachten Sie, dass es sich um Muster bzw. Beispielbilder handelt. Gerne vereinbaren wir eine persönliche Besichtigung.Einfach Anfrage senden - Nina Fuchs wird sich so schnell wie möglich melden.Wir von Apartment24 vermieten nicht nur in Winterthur. Wir sind der grösste Anbieter von möblierten Zimmern und CoLiving Angeboten in der Schweiz.Weitere Informationen: https://apartment24.ch/de/zimmer/Wuelflingerstrasse-Winterthur/2540ENGLISHBright furnished room in 'Winterthur' - flexible and all-inclusiveA clean and bright room - ideal for professionals, students or weekly commuters. Fully furnished with a bed (including bedding), large wardrobe, desk with chair, shelf, nightstand, lamps, and an LCD TV. Free high-speed Wi-Fi is included.Weekly cleaning of the shared areas (kitchen, bathroom, hallway) is included in the rent. All utilities such as electricity, water, and heating are also covered.The kitchen and bathroom are shared with quiet and friendly roommates. The atmosphere is respectful and clean - not a typical shared flat (WG), but a peaceful living setup.No credit report or employer confirmation required. Move-in is possible immediately or by arrangement. Minimum rental period is 1 month. Cancellation period is either 14 or 30 days, depending on your needs. A security deposit or confirmation for local registration can be provided if needed.As soon as you send your request, Nina Fuchs will get in touch with you directly. She'll answer all your questions, organize a viewing (also via video call), and personally guide you through the rental process.Please note that these are samples or example images.Just send your inquiry - Nina Fuchs will respond as quickly as possible.At Apartment24, we don't just rent in 'Winterthur'. We are the largest provider of furnished rooms in Switzerland. Details: https://apartment24.ch/en/room/offer/2540","","","",""
"1789666072-93","https://www.immoscout24.ch/de/wohnung/mieten/ort-winterthur?pn=1","1 Zimmer","19m²","CHF 950.–","","","CHF 950.–","","","","","Einfangstrasse, 8406 Winterthur","","","","","Helles möbliertes Zimmer - Heute einziehen","","","","","Helles möbliertes Zimmer 'Winterthur' - flexibel und alles inklusiveSchönes, helles Zimmer - perfekt für alle, die zentral und günstig wohnen möchten. Komplett möbliert mit Bett (inkl. Bettwäsche), grossem Kleiderschrank, Schreibtisch mit Stuhl, Regal, Nachttisch, Lampen und LCD-TV. Kostenloses WLAN ist ebenfalls inklusive.Wir legen grossen Wert auf Sauberkeit. Eine regelmässige Reinigung von Küche, Bad und Gang ist im Mietpreis enthalten. Auch sämtliche Nebenkosten wie Strom, Wasser und Heizung sind inklusive.Das Badezimmer und die Küche werden mit ruhigen und freundlichen Mitbewohner/innen geteilt. Die Wohnatmosphäre ist gepflegt, mit klaren Regeln für Ruhe und Sauberkeit - keine klassische WG. Man sagt sich Hallo, aber jeder lebt sein eigenes Leben.Es wird kein Betreibungsauszug und keine Arbeitgeberbescheinigung verlangt, da bei uns der Mensch im Zentrum steht. Wir wollen nur seriöse und anständige Mieter/innen haben. Der Einzug ist je nach Verfügbarkeit bereits heute oder nach Vereinbarung möglich. Die Mindestmietdauer beträgt 1 Monat. Kündigungsfrist wahlweise 14 oder 30 Tage. Die Kaution beträgt 1 Monatsmiete (Keine Ratenzahlung möglich).Nach deiner Anfrage meldet sich Nina Fuchs umgehend bei dir. Sie beantwortet alle Fragen, organisiert Besichtigungen (auch per Video) und begleitet dich persönlich durch den gesamten Mietprozess.Bitte beachten Sie, dass es sich um Muster bzw. Beispielbilder handelt. Gerne vereinbaren wir eine persönliche Besichtigung.Einfach Anfrage senden - Nina Fuchs wird sich so schnell wie möglich melden.Wir von Apartment24 vermieten nicht nur in Winterthur. Wir sind der grösste Anbieter von möblierten Zimmern und CoLiving Angeboten in der Schweiz.Weitere Informationen: https://apartment24.ch/de/zimmer/Einfangstrasse-Winterthur/2763ENGLISHBright furnished room in 'Winterthur' - flexible and all-inclusiveA clean and bright room - ideal for professionals, students or weekly commuters. Fully furnished with a bed (including bedding), large wardrobe, desk with chair, shelf, nightstand, lamps, and an LCD TV. Free high-speed Wi-Fi is included.Weekly cleaning of the shared areas (kitchen, bathroom, hallway) is included in the rent. All utilities such as electricity, water, and heating are also covered.The kitchen and bathroom are shared with quiet and friendly roommates. The atmosphere is respectful and clean - not a typical shared flat (WG), but a peaceful living setup.No credit report or employer confirmation required. Move-in is possible immediately or by arrangement. Minimum rental period is 1 month. Cancellation period is either 14 or 30 days, depending on your needs. A security deposit or confirmation for local registration can be provided if needed.As soon as you send your request, Nina Fuchs will get in touch with you directly. She'll answer all your questions, organize a viewing (also via video call), and personally guide you through the rental process.Please note that these are samples or example images.Just send your inquiry - Nina Fuchs will respond as quickly as possible.At Apartment24, we don't just rent in 'Winterthur'. We are the largest provider of furnished rooms in Switzerland. Details: https://apartment24.ch/en/room/offer/2763","","","",""
"1789666072-94","https://www.immoscout24.ch/de/wohnung/mieten/ort-winterthur?pn=1","1 Zimmer","22m²","CHF 950.–","","","CHF 950.–","","","","","Wülflingerstrasse, 8408 Winterthur","","","","","Stilvolles Zimmer in WG - Heute einziehen","","","","","Modern möbliertes Zimmer in 'Winterthur' - günstig und alles inklusiveGepflegtes, helles Zimmer - ideal für Berufstätige, Studierende oder Wochenaufenthalter. Komplett möbliert mit Bett (inkl. Bettwäsche), grossem Kleiderschrank, Schreibtisch mit Stuhl, Regal, Nachttisch, Lampen und LCD-TV. Kostenloses WLAN ist ebenfalls inklusive.Alle Nebenkosten wie Strom, Wasser, Heizung und schnelles WLAN sind im Mietpreis enthalten. Wir legen grossen Wert auf eine saubere Wohnung und reinigen deshalb die allgemeinen Bereiche regelmässig. Die Reinigung ist übrigens im Preis inklusive.Das Badezimmer und die Küche werden mit ruhigen und freundlichen Mitbewohner/innen geteilt. Die Wohnatmosphäre ist gepflegt, mit klaren Regeln für Ruhe und Sauberkeit - keine klassische WG. Man sagt sich Hallo, aber jeder lebt sein eigenes Leben.Es wird kein Betreibungsauszug und keine Arbeitgeberbescheinigung verlangt, da bei uns der Mensch im Zentrum steht. Wir wollen nur seriöse und anständige Mieter/innen haben. Der Einzug ist je nach Verfügbarkeit bereits heute oder nach Vereinbarung möglich. Die Mindestmietdauer beträgt 1 Monat. Kündigungsfrist wahlweise 14 oder 30 Tage. Die Kaution beträgt 1 Monatsmiete (Keine Ratenzahlung möglich).Nach deiner Anfrage meldet sich Nina Fuchs umgehend bei dir. Sie beantwortet alle Fragen, organisiert Besichtigungen (auch per Video) und begleitet dich persönlich durch den gesamten Mietprozess.Bitte beachten Sie, dass es sich um Muster bzw. Beispielbilder handelt. Gerne vereinbaren wir eine persönliche Besichtigung.Einfach Anfrage senden - Nina Fuchs wird sich so schnell wie möglich melden.Wir von Apartment24 vermieten nicht nur in Winterthur. Wir sind der grösste Anbieter von möblierten Zimmern und CoLiving Angeboten in der Schweiz.Weitere Informationen: https://apartment24.ch/de/zimmer/Wuelflingerstrasse-Winterthur/2262ENGLISHBright furnished room in 'Winterthur' - flexible and all-inclusiveA clean and bright room - ideal for professionals, students or weekly commuters. Fully furnished with a bed (including bedding), large wardrobe, desk with chair, shelf, nightstand, lamps, and an LCD TV. Free high-speed Wi-Fi is included.Weekly cleaning of the shared areas (kitchen, bathroom, hallway) is included in the rent. All utilities such as electricity, water, and heating are also covered.The kitchen and bathroom are shared with quiet and friendly roommates. The atmosphere is respectful and clean - not a typical shared flat (WG), but a peaceful living setup.No credit report or employer confirmation required. Move-in is possible immediately or by arrangement. Minimum rental period is 1 month. Cancellation period is either 14 or 30 days, depending on your needs. A security deposit or confirmation for local registration can be provided if needed.As soon as you send your request, Nina Fuchs will get in touch with you directly. She'll answer all your questions, organize a viewing (also via video call), and personally guide you through the rental process.Please note that these are samples or example images.Just send your inquiry - Nina Fuchs will respond as quickly as possible.At Apartment24, we don't just rent in 'Winterthur'. We are the largest provider of furnished rooms in Switzerland. Details: https://apartment24.ch/en/room/offer/2262","","","",""
"1789666072-95","https://www.immoscout24.ch/de/wohnung/mieten/ort-winterthur?pn=1","1 Zimmer","14m²","CHF 950.–","","","CHF 950.–","","","","","Schillerstrasse, 8406 Winterthur","","","","","Helles möbliertes Zimmer - Heute einziehen","","","","","Möbliertes Zimmer in 'Winterthur' - flexibel mieten, günstig und alles inklusiveHelles, gemütliches Zimmer - günstig und optimal gelegen. Komplett möbliert mit Bett (inkl. Bettwäsche), grossem Kleiderschrank, Schreibtisch mit Stuhl, Regal, Nachttisch, Lampen und LCD-TV. Kostenloses, schnelles WLAN ist ebenfalls inklusive.Alle Nebenkosten wie Strom, Wasser, Heizung und schnelles WLAN sind im Mietpreis enthalten. Wir legen grossen Wert auf eine saubere Wohnung und reinigen deshalb die allgemeinen Bereiche regelmässig. Die Reinigung ist übrigens im Preis inklusive.Das Badezimmer und die Küche werden mit ruhigen und freundlichen Mitbewohner/innen geteilt. Die Wohnatmosphäre ist gepflegt, mit klaren Regeln für Ruhe und Sauberkeit - keine klassische WG. Man sagt sich Hallo, aber jeder lebt sein eigenes Leben.Es wird kein Betreibungsauszug und keine Arbeitgeberbescheinigung verlangt, da bei uns der Mensch im Zentrum steht. Wir wollen nur seriöse und anständige Mieter/innen haben. Der Einzug ist je nach Verfügbarkeit bereits heute oder nach Vereinbarung möglich. Die Mindestmietdauer beträgt 1 Monat. Kündigungsfrist wahlweise 14 oder 30 Tage. Die Kaution beträgt 1 Monatsmiete (Keine Ratenzahlung möglich).Nach deiner Anfrage meldet sich Nina Fuchs umgehend bei dir. Sie beantwortet alle Fragen, organisiert Besichtigungen (auch per Video) und begleitet dich persönlich durch den gesamten Mietprozess.Bitte beachten Sie, dass es sich um Muster bzw. Beispielbilder handelt. Gerne vereinbaren wir eine persönliche Besichtigung.Einfach Anfrage senden - Nina Fuchs wird sich so schnell wie möglich melden.Wir von Apartment24 vermieten nicht nur in Winterthur. Wir sind der grösste Anbieter von möblierten Zimmern und CoLiving Angeboten in der Schweiz.Weitere Informationen: https://apartment24.ch/de/zimmer/Schillerstrasse-Winterthur/2721ENGLISHBright furnished room in 'Winterthur' - flexible and all-inclusiveA clean and bright room - ideal for professionals, students or weekly commuters. Fully furnished with a bed (including bedding), large wardrobe, desk with chair, shelf, nightstand, lamps, and an LCD TV. Free high-speed Wi-Fi is included.Weekly cleaning of the shared areas (kitchen, bathroom, hallway) is included in the rent. All utilities such as electricity, water, and heating are also covered.The kitchen and bathroom are shared with quiet and friendly roommates. The atmosphere is respectful and clean - not a typical shared flat (WG), but a peaceful living setup.No credit report or employer confirmation required. Move-in is possible immediately or by arrangement. Minimum rental period is 1 month. Cancellation period is either 14 or 30 days, depending on your needs. A security deposit or confirmation for local registration can be provided if needed.As soon as you send your request, Nina Fuchs will get in touch with you directly. She'll answer all your questions, organize a viewing (also via video call), and personally guide you through the rental process.Please note that these are samples or example images.Just send your inquiry - Nina Fuchs will respond as quickly as possible.At Apartment24, we don't just rent in 'Winterthur'. We are the largest provider of furnished rooms in Switzerland. Details: https://apartment24.ch/en/room/offer/2721","","","",""
"1789666072-96","https://www.immoscout24.ch/de/wohnung/mieten/ort-winterthur?pn=1","1 Zimmer","22m²","CHF 1'000.–","","","CHF 1'000.–","","","","","Auwiesenstrasse, 8406 Winterthur","","","","","Möbliertes Zimmer - Heute einziehen","","","","","Schönes möbliertes Zimmer in 'Winterthur' - günstig und alles inklusiveSchönes, möbliertes und helles Zimmer - ideal, wenn man nicht viel Geld fürs Wohnen ausgeben möchte. Komplett möbliert mit Bett (inkl. Bettwäsche), grossem Kleiderschrank, Schreibtisch mit Stuhl, Regal, Nachttisch, Lampen und LCD-TV. Kostenloses WLAN ist ebenfalls inklusive.Die Reinigung der gemeinsamen Bereiche (Küche, Bad, Flur) erfolgt regelmässig und ist im Mietpreis enthalten. Auch sämtliche Nebenkosten wie Strom, Wasser und Heizung sind inklusive.Das Badezimmer und die Küche werden mit ruhigen und freundlichen Mitbewohner/innen geteilt. Die Wohnatmosphäre ist gepflegt, mit klaren Regeln für Ruhe und Sauberkeit - keine klassische WG. Man sagt sich Hallo, aber jeder lebt sein eigenes Leben.Es wird kein Betreibungsauszug und keine Arbeitgeberbescheinigung verlangt, da bei uns der Mensch im Zentrum steht. Wir wollen nur seriöse und anständige Mieter/innen haben. Der Einzug ist je nach Verfügbarkeit bereits heute oder nach Vereinbarung möglich. Die Mindestmietdauer beträgt 1 Monat. Kündigungsfrist wahlweise 14 oder 30 Tage. Die Kaution beträgt 1 Monatsmiete (Keine Ratenzahlung möglich).Nach deiner Anfrage meldet sich Nina Fuchs umgehend bei dir. Sie beantwortet alle Fragen, organisiert Besichtigungen (auch per Video) und begleitet dich persönlich durch den gesamten Mietprozess.Bitte beachten Sie, dass es sich um Muster bzw. Beispielbilder handelt. Gerne vereinbaren wir eine persönliche Besichtigung.Einfach Anfrage senden - Nina Fuchs wird sich so schnell wie möglich melden.Wir von Apartment24 vermieten nicht nur in Winterthur. Wir sind der grösste Anbieter von möblierten Zimmern und CoLiving Angeboten in der Schweiz.Weitere Informationen: https://apartment24.ch/de/zimmer/Auwiesenstrasse-Winterthur/2935ENGLISHBright furnished room in 'Winterthur' - flexible and all-inclusiveA clean and bright room - ideal for professionals, students or weekly commuters. Fully furnished with a bed (including bedding), large wardrobe, desk with chair, shelf, nightstand, lamps, and an LCD TV. Free high-speed Wi-Fi is included.Weekly cleaning of the shared areas (kitchen, bathroom, hallway) is included in the rent. All utilities such as electricity, water, and heating are also covered.The kitchen and bathroom are shared with quiet and friendly roommates. The atmosphere is respectful and clean - not a typical shared flat (WG), but a peaceful living setup.No credit report or employer confirmation required. Move-in is possible immediately or by arrangement. Minimum rental period is 1 month. Cancellation period is either 14 or 30 days, depending on your needs. A security deposit or confirmation for local registration can be provided if needed.As soon as you send your request, Nina Fuchs will get in touch with you directly. She'll answer all your questions, organize a viewing (also via video call), and personally guide you through the rental process.Please note that these are samples or example images.Just send your inquiry - Nina Fuchs will respond as quickly as possible.At Apartment24, we don't just rent in 'Winterthur'. We are the largest provider of furnished rooms in Switzerland. Details: https://apartment24.ch/en/room/offer/2935","","","",""
"1789666072-97","https://www.immoscout24.ch/de/wohnung/mieten/ort-winterthur?pn=1","1 Zimmer","13m²","CHF 1'000.–","","","CHF 1'000.–","","","","","Unterwegli, 8404 Winterthur","","","","","Helles möbliertes Zimmer - Heute einziehen","","","","","Möbliertes Zimmer in 'Winterthur' - flexibel mieten, günstig und alles inklusiveGepflegtes, helles Zimmer - ideal für Berufstätige, Studierende oder Wochenaufenthalter. Komplett möbliert mit Bett (inkl. Bettwäsche), grossem Kleiderschrank, Schreibtisch mit Stuhl, Regal, Nachttisch, Lampen und LCD-TV. Kostenloses WLAN ist ebenfalls inklusive.Wir legen grossen Wert auf Sauberkeit. Eine regelmässige Reinigung von Küche, Bad und Gang ist im Mietpreis enthalten. Auch sämtliche Nebenkosten wie Strom, Wasser und Heizung sind inklusive.Das Badezimmer und die Küche werden mit ruhigen und freundlichen Mitbewohner/innen geteilt. Die Wohnatmosphäre ist gepflegt, mit klaren Regeln für Ruhe und Sauberkeit - keine klassische WG. Man sagt sich Hallo, aber jeder lebt sein eigenes Leben.Es wird kein Betreibungsauszug und keine Arbeitgeberbescheinigung verlangt, da bei uns der Mensch im Zentrum steht. Wir wollen nur seriöse und anständige Mieter/innen haben. Der Einzug ist je nach Verfügbarkeit bereits heute oder nach Vereinbarung möglich. Die Mindestmietdauer beträgt 1 Monat. Kündigungsfrist wahlweise 14 oder 30 Tage. Die Kaution beträgt 1 Monatsmiete (Keine Ratenzahlung möglich).Nach deiner Anfrage meldet sich Nina Fuchs umgehend bei dir. Sie beantwortet alle Fragen, organisiert Besichtigungen (auch per Video) und begleitet dich persönlich durch den gesamten Mietprozess.Bitte beachten Sie, dass es sich um Muster bzw. Beispielbilder handelt. Gerne vereinbaren wir eine persönliche Besichtigung.Einfach Anfrage senden - Nina Fuchs wird sich so schnell wie möglich melden.Wir von Apartment24 vermieten nicht nur in Winterthur. Wir sind der grösste Anbieter von möblierten Zimmern und CoLiving Angeboten in der Schweiz.Weitere Informationen: https://apartment24.ch/de/zimmer/Unterwegli-Winterthur/46ENGLISHBright furnished room in 'Winterthur' - flexible and all-inclusiveA clean and bright room - ideal for professionals, students or weekly commuters. Fully furnished with a bed (including bedding), large wardrobe, desk with chair, shelf, nightstand, lamps, and an LCD TV. Free high-speed Wi-Fi is included.Weekly cleaning of the shared areas (kitchen, bathroom, hallway) is included in the rent. All utilities such as electricity, water, and heating are also covered.The kitchen and bathroom are shared with quiet and friendly roommates. The atmosphere is respectful and clean - not a typical shared flat (WG), but a peaceful living setup.No credit report or employer confirmation required. Move-in is possible immediately or by arrangement. Minimum rental period is 1 month. Cancellation period is either 14 or 30 days, depending on your needs. A security deposit or confirmation for local registration can be provided if needed.As soon as you send your request, Nina Fuchs will get in touch with you directly. She'll answer all your questions, organize a viewing (also via video call), and personally guide you through the rental process.Please note that these are samples or example images.Just send your inquiry - Nina Fuchs will respond as quickly as possible.At Apartment24, we don't just rent in 'Winterthur'. We are the largest provider of furnished rooms in Switzerland. Details: https://apartment24.ch/en/room/offer/46","","","",""
"1789666072-98","https://www.immoscout24.ch/de/wohnung/mieten/ort-winterthur?pn=1","1 Zimmer","20m²","CHF 1'000.–","","","CHF 1'000.–","","","","","Einfangstrasse, 8406 Winterthur","","","","","Möbliertes Zimmer zentral - Heute einziehen","","","","","Modern möbliertes Zimmer in 'Winterthur' - günstig und alles inklusiveSchönes, möbliertes und helles Zimmer - ideal, wenn man nicht viel Geld fürs Wohnen ausgeben möchte. Komplett möbliert mit Bett (inkl. Bettwäsche), grossem Kleiderschrank, Schreibtisch mit Stuhl, Regal, Nachttisch, Lampen und LCD-TV. Kostenloses WLAN ist ebenfalls inklusive.Alle Nebenkosten wie Strom, Wasser, Heizung und schnelles WLAN sind im Mietpreis enthalten. Wir legen grossen Wert auf eine saubere Wohnung und reinigen deshalb die allgemeinen Bereiche regelmässig. Die Reinigung ist übrigens im Preis inklusive.Das Badezimmer und die Küche werden mit ruhigen und freundlichen Mitbewohner/innen geteilt. Die Wohnatmosphäre ist gepflegt, mit klaren Regeln für Ruhe und Sauberkeit - keine klassische WG. Man sagt sich Hallo, aber jeder lebt sein eigenes Leben.Es wird kein Betreibungsauszug und keine Arbeitgeberbescheinigung verlangt, da bei uns der Mensch im Zentrum steht. Wir wollen nur seriöse und anständige Mieter/innen haben. Der Einzug ist je nach Verfügbarkeit bereits heute oder nach Vereinbarung möglich. Die Mindestmietdauer beträgt 1 Monat. Kündigungsfrist wahlweise 14 oder 30 Tage. Die Kaution beträgt 1 Monatsmiete (Keine Ratenzahlung möglich).Nach deiner Anfrage meldet sich Nina Fuchs umgehend bei dir. Sie beantwortet alle Fragen, organisiert Besichtigungen (auch per Video) und begleitet dich persönlich durch den gesamten Mietprozess.Bitte beachten Sie, dass es sich um Muster bzw. Beispielbilder handelt. Gerne vereinbaren wir eine persönliche Besichtigung.Einfach Anfrage senden - Nina Fuchs wird sich so schnell wie möglich melden.Wir von Apartment24 vermieten nicht nur in Winterthur. Wir sind der grösste Anbieter von möblierten Zimmern und CoLiving Angeboten in der Schweiz.Weitere Informationen: https://apartment24.ch/de/zimmer/Einfangstrasse-Winterthur/2761ENGLISHBright furnished room in 'Winterthur' - flexible and all-inclusiveA clean and bright room - ideal for professionals, students or weekly commuters. Fully furnished with a bed (including bedding), large wardrobe, desk with chair, shelf, nightstand, lamps, and an LCD TV. Free high-speed Wi-Fi is included.Weekly cleaning of the shared areas (kitchen, bathroom, hallway) is included in the rent. All utilities such as electricity, water, and heating are also covered.The kitchen and bathroom are shared with quiet and friendly roommates. The atmosphere is respectful and clean - not a typical shared flat (WG), but a peaceful living setup.No credit report or employer confirmation required. Move-in is possible immediately or by arrangement. Minimum rental period is 1 month. Cancellation period is either 14 or 30 days, depending on your needs. A security deposit or confirmation for local registration can be provided if needed.As soon as you send your request, Nina Fuchs will get in touch with you directly. She'll answer all your questions, organize a viewing (also via video call), and personally guide you through the rental process.Please note that these are samples or example images.Just send your inquiry - Nina Fuchs will respond as quickly as possible.At Apartment24, we don't just rent in 'Winterthur'. We are the largest provider of furnished rooms in Switzerland. Details: https://apartment24.ch/en/room/offer/2761","","","",""
"1789666072-99","https://www.immoscout24.ch/de/wohnung/mieten/ort-winterthur?pn=1","4.5 Zimmer","180m²","CHF 4'650.–","","","CHF 4'650.–","","","","","Oberer Graben 30, 8400 Winterthur","","","","","Urbaner Luxus im Herzen von Winterthur!","","","","","An bester Innenstadtlage von Winterthur, direkt am Oberen Graben, präsentiert sich diese aussergewöhnliche Luxuswohnung als wahres Bijou für anspruchsvolle Mieterinnen und Mieter. Grosszügige Raumverhältnisse, edle Materialien und ein durchdachtes Wohnkonzept vereinen urbanes Leben mit höchstem Wohnkomfort:- Hochwertiger Eichenparkettboden in der gesamten Wohnung- Moderne Designküche mit hochwertigen Geräten- Stylischer Bodenbelag aus Tonziegelplatten im Küchenbereich- Glaskeramikherd und Geschirrspüler- 3 elegante Bad/WC mit edlen Schieferplatten- 2 Ensuite-Badezimmer für maximalen Komfort- Balkon- Eigenes Kellerabteil- Eigene Waschküche in der WohnungDie Wohnung befindet sich an zentralster Lage in der Innenstadt von Winterthur.Einkaufsmöglichkeiten, Boutiquen, Supermärkte, Cafés und Restaurants liegen direkt vor der Haustüre. Der Bahnhof Winterthur sowie der öffentliche Verkehr sind in wenigen Gehminuten erreichbar. Schulen, Kultur- und Freizeitangebote befinden sich ebenfalls in unmittelbarer Nähe.Haben wir Ihr Interesse geweckt?Dann kontaktieren Sie uns direkt im Onlineinserat über ""Anbieter kontaktieren"". Sie erhalten anschliessend eine automatisierte E-Mail mit den Besichtigungsinformationen sowie der Möglichkeit, sich digital auf die Wohnung zu bewerben und/oder uns allfällige Fragen zu stellen.","","","",""
"1789666072-100","https://www.immoscout24.ch/de/wohnung/mieten/ort-winterthur?pn=1","3.5 Zimmer","151m²","CHF 3'590.–","","","CHF 3'590.–","","","","","Marktgasse 78, 8400 Winterthur","","","","","Einzigartiges Wohnen im Herzen der Winterthurer Altstadt","","","","","Mitten in der historischen Marktgasse, einer der lebendigsten und beliebtesten Lagen in Winterthur, erwartet Sie diese charmante Wohnung mit hochwertigem Ausbaustandard und einer beeindruckenden Galerie, die dem Wohnraum eine besondere Grosszügigkeit verleiht und ihnen ausserdem folgenden Ausbaustandard bietet:- Edle Parkettböden in Wohn-, Schlaf- und Küchenbereich- Grosszügige, offene Küche mit moderner Ausstattung- Hochwertige Küchengeräte inklusive Geschirrspüler - Komfortables Badezimmer mit Badewanne und WC - Zusätzliches separates Gäste-WC für mehr Privatsphäre - Eigener Waschturm in der Wohnung für maximalen Komfort im Alltag - Einzigartige Galerie mit sichtbaren weissen Holzbalken und modernem Glasboden - Praktisches Reduit für zusätzlichen Stauraum - Gemütlicher Balkon mit Blick in den ruhigen Innenhof - Lift mit direktem Zugang in die Wohnung - Eigenes Kellerabteil für zusätzlichen StauraumDie Galerie im oberen Stock steht unter Denkmalschutz.Umgeben von stilvoll sanierten Altbauten, kleinen Boutiquen, Wochenmärkten sowie einer Vielzahl an Cafés, Restaurants und kulturellen Angeboten geniessen Sie hier eine aussergewöhnlich lebendige und zugleich inspirierende Atmosphäre.Einkaufsmöglichkeiten für den täglichen Bedarf befinden sich direkt vor der Haustüre, während auch grössere Detailhändler und Einkaufszentren bequem zu Fuss erreichbar sind. Der Bahnhof Winterthur liegt nur rund 5 Gehminuten entfernt und bietet hervorragende Verbindungen, unter anderem mit direkten Zugverbindungen nach Zürich (ca. 20 Minuten), zum Flughafen Zürich (ca. 15 Minuten) sowie in zahlreiche weitere Städte, wodurch die Lage sowohl für Pendler als auch für Stadtliebhaber ideal ist.Entspricht diese schöne Wohnung Ihren Vorstellungen?Dann kontaktieren Sie uns direkt im Onlineinserat über ""Anbieter kontaktieren"". Sie erhalten anschliessend eine automatisierte E-Mail mit den Besichtigungsinformationen sowie der Möglichkeit, sich digital auf die Wohnung zu bewerben und/oder uns allfällige Fragen zu stellen.Wir freuen uns auf Ihre digitale Bewerbung nach der Besichtigung.","","","",""
